exec,run,node_kind,access_pattern,spinloop_iterations,throughput,seconds-time-elapsed,spinloop_duration,cache-misses,L1-dcache-load-misses
membench_base,1,dram,,,,0.000547495,,443,9869
membench_data_init,1,dram,,,,0.963646853,,2164293,51164996
membench_pregen_init,1,dram,,,,1.569789611,,2989448,70209490
membench_base,1,pmem,,,,0.000554221,,567,9653
membench_data_init,1,pmem,,,,1.992636007,,2169833,51205045
membench_pregen_init,1,pmem,,,,2.982717429,,2968226,70266353
membench,1,dram,seq,0,42045.953125,1.941187882,0.000016,12980468,80229796
membench,1,dram,pgn,0,9923.459961,2.707391381,0.000016,13568786,80897399
membench,1,dram,rnd,0,9583.354492,2.743472511,0.000016,12955798,80273064
membench,1,dram,seq_prefetch,0,38849.886719,1.954721764,0.000016,13043013,80219033
membench,1,dram,pgn_prefetch,0,20555.492188,2.191134506,0.000016,13424742,80884874
membench,1,dram,rnd_prefetch,0,17938.957031,2.262240204,0.000016,12799166,80261171
membench,1,pmem,seq,0,21443.535156,3.586623210,0.000016,12986130,80232621
membench,1,pmem,pgn,0,1974.707153,8.189424870,0.000016,13564185,81119317
membench,1,pmem,rnd,0,1965.622559,8.201564073,0.000016,12920974,80425407
membench,1,pmem,seq_prefetch,0,23783.814453,3.548693003,0.000016,13015606,80233745
membench,1,pmem,pgn_prefetch,0,3603.301270,5.899113390,0.000016,13433244,80979722
membench,1,pmem,rnd_prefetch,0,3531.411377,5.947512578,0.000016,12796985,80352132
membench,1,dram,seq,500,42900.593750,3.238050546,0.000146,13033604,80292305
membench,1,dram,pgn,500,9906.334961,4.016116867,0.000146,13580802,80887821
membench,1,dram,rnd,500,9549.027344,4.052505189,0.000146,12970135,80320880
membench,1,dram,seq_prefetch,500,39854.769531,3.259746908,0.000146,13035022,80280076
membench,1,dram,pgn_prefetch,500,38633.308594,3.266420290,0.000146,13475346,80937708
membench,1,dram,rnd_prefetch,500,27962.720703,3.368218604,0.000146,12805035,80311003
membench,1,pmem,seq,500,40766.738281,4.668534749,0.000146,12986264,80335774
membench,1,pmem,pgn,500,1971.822144,9.502440915,0.000146,13550334,81167179
membench,1,pmem,rnd,500,1958.973267,9.528672730,0.000147,12930509,80472291
membench,1,pmem,seq_prefetch,500,29026.144531,4.776086412,0.000146,13149070,80343631
membench,1,pmem,pgn_prefetch,500,4743.346680,6.534833698,0.000146,13436742,81063819
membench,1,pmem,rnd_prefetch,500,4628.663574,6.587857806,0.000147,12796514,80437689
membench,1,dram,seq,1000,43063.171875,4.527068717,0.000275,13009043,80283750
membench,1,dram,pgn,1000,9851.342773,5.308000279,0.000275,13597659,81004606
membench,1,dram,rnd,1000,9517.047852,5.347127162,0.000275,12961860,80381346
membench,1,dram,seq_prefetch,1000,39971.859375,4.546057354,0.000275,13205338,80341884
membench,1,dram,pgn_prefetch,1000,43661.257812,4.518517984,0.000275,13452483,80990641
membench,1,dram,rnd_prefetch,1000,30530.714844,4.620945044,0.000275,12837621,80361673
membench,1,pmem,seq,1000,42372.164062,5.945215770,0.000275,12994626,80387382
membench,1,pmem,pgn,1000,2000.136353,10.717715630,0.000275,13561205,81211036
membench,1,pmem,rnd,1000,1986.966797,10.743701478,0.000275,12925126,80526954
membench,1,pmem,seq_prefetch,1000,36673.023438,5.987849279,0.000275,13031563,80385628
membench,1,pmem,pgn_prefetch,1000,7119.353516,7.118753928,0.000275,13434636,81090187
membench,1,pmem,rnd_prefetch,1000,6835.854004,7.171929453,0.000275,12798850,80454925
membench,1,dram,seq,1500,43079.679688,5.811836588,0.000403,13022394,80330240
membench,1,dram,pgn,1500,9903.618164,6.589891277,0.000404,13584268,81014531
membench,1,dram,rnd,1500,9531.271484,6.633148142,0.000404,12971076,80432641
membench,1,dram,seq_prefetch,1500,39892.769531,5.831486226,0.000404,13185032,80383132
membench,1,dram,pgn_prefetch,1500,46598.753906,5.791850543,0.000403,13464768,81057069
membench,1,dram,rnd_prefetch,1500,31675.841797,5.899299059,0.000404,12817381,80425290
membench,1,pmem,seq,1500,36518.074219,7.272594213,0.000403,12996328,80451939
membench,1,pmem,pgn,1500,2031.287231,11.928382362,0.000404,13564030,81263509
membench,1,pmem,rnd,1500,2016.538330,11.953218867,0.000404,12933383,80570035
membench,1,pmem,seq_prefetch,1500,39458.160156,7.254089884,0.000404,13036830,80444646
membench,1,pmem,pgn_prefetch,1500,13017.460938,7.769451250,0.000404,13435516,81057816
membench,1,pmem,rnd_prefetch,1500,12052.157227,7.825052602,0.000404,12788525,80490565
membench,1,dram,seq,2000,42934.488281,7.100062767,0.000532,13051714,80443575
membench,1,dram,pgn,2000,9836.072266,7.881479359,0.000532,13604412,81118843
membench,1,dram,rnd,2000,9509.472656,7.920974961,0.000532,12989388,80484231
membench,1,dram,seq_prefetch,2000,40017.929688,7.118436030,0.000532,13076997,80448038
membench,1,dram,pgn_prefetch,2000,46557.753906,7.080643375,0.000532,13489361,81102969
membench,1,dram,rnd_prefetch,2000,31678.150391,7.181458467,0.000532,12829133,80472700
membench,1,pmem,seq,2000,42928.585938,8.521520989,0.000532,12993333,80488855
membench,1,pmem,pgn,2000,2045.985107,13.175739953,0.000532,13563870,81317826
membench,1,pmem,rnd,2000,2036.461182,13.201285848,0.000533,12927393,80683906
membench,1,pmem,seq_prefetch,2000,39719.894531,8.544431235,0.000532,13033829,80502913
membench,1,pmem,pgn_prefetch,2000,21084.636719,8.760560154,0.000532,13432853,81159663
membench,1,pmem,rnd_prefetch,2000,17623.630859,8.848820683,0.000532,12800162,80465384
membench,1,dram,seq,2500,43011.679688,8.384087474,0.000661,13043421,80506144
membench,1,dram,pgn,2500,9941.256836,9.160035146,0.000661,13622115,81178135
membench,1,dram,rnd,2500,9591.599609,9.206239395,0.000662,12969530,80543697
membench,1,dram,seq_prefetch,2500,39984.324219,8.403646028,0.000661,13112533,80507732
membench,1,dram,pgn_prefetch,2500,46761.968750,8.367248141,0.000661,13478563,81170444
membench,1,dram,rnd_prefetch,2500,31689.091797,8.469142712,0.000661,12856151,80479480
membench,1,pmem,seq,2500,42958.460938,9.802372259,0.000661,12996750,80538835
membench,1,pmem,pgn,2500,2060.292725,14.429354961,0.000661,13561440,81367647
membench,1,pmem,rnd,2500,2046.221680,14.453073158,0.000661,12939334,80724063
membench,1,pmem,seq_prefetch,2500,39731.414062,9.827451754,0.000661,13039703,80545590
membench,1,pmem,pgn_prefetch,2500,24815.988281,9.976016867,0.000661,13436676,81205114
membench,1,pmem,rnd_prefetch,2500,19936.443359,10.069191079,0.000661,12799648,80587055
membench,1,dram,seq,3000,43078.011719,9.672168918,0.000789,13042992,80554870
membench,1,dram,pgn,3000,9904.245117,10.449042905,0.000790,13615207,81178362
membench,1,dram,rnd,3000,9573.317383,10.487293563,0.000790,12993806,80605764
membench,1,dram,seq_prefetch,3000,40007.683594,9.689848574,0.000790,13222015,80557949
membench,1,dram,pgn_prefetch,3000,46576.402344,9.654970314,0.000789,13483908,81225277
membench,1,dram,rnd_prefetch,3000,31709.490234,9.756747707,0.000790,12849499,80595957
membench,1,pmem,seq,3000,42961.046875,11.088021714,0.000789,12996174,80594556
membench,1,pmem,pgn,3000,2072.050049,15.687355968,0.000789,13562428,81418319
membench,1,pmem,rnd,3000,2057.113525,15.715270844,0.000790,12927506,80725575
membench,1,pmem,seq_prefetch,3000,39850.796875,11.111623014,0.000789,13048855,80543526
membench,1,pmem,pgn_prefetch,3000,30545.636719,11.188278838,0.000790,13439896,81260144
membench,1,pmem,rnd_prefetch,3000,23484.431641,11.278900589,0.000790,12802492,80621735
membench,1,dram,seq,3500,43046.859375,10.957746211,0.000918,13081414,80607845
membench,1,dram,pgn,3500,9920.949219,11.728380092,0.000918,13608966,81285879
membench,1,dram,rnd,3500,9595.685547,11.771324306,0.000918,13017330,80616593
membench,1,dram,seq_prefetch,3500,39959.242188,10.975527648,0.000918,13232255,80625056
membench,1,dram,pgn_prefetch,3500,46677.496094,10.940641122,0.000918,13510292,81267515
membench,1,dram,rnd_prefetch,3500,31732.332031,11.044573877,0.000918,12849414,80597354
membench,1,pmem,seq,3500,42928.218750,12.374307543,0.000918,12999059,80641607
membench,1,pmem,pgn,3500,2085.952881,16.945190226,0.000918,13564452,81474339
membench,1,pmem,rnd,3500,2070.937012,16.966493842,0.000919,12937085,80831689
membench,1,pmem,seq_prefetch,3500,39513.355469,12.401400145,0.000918,13224498,80635565
membench,1,pmem,pgn_prefetch,3500,36649.500000,12.418033846,0.000918,13432188,81304819
membench,1,pmem,rnd_prefetch,3500,26916.232422,12.511239457,0.000918,12804862,80679546
membench,1,dram,seq,4000,43191.320312,12.245690573,0.001047,13077247,80683598
membench,1,dram,pgn,4000,9894.054688,13.022796636,0.001047,13634375,81337311
membench,1,dram,rnd,4000,9534.024414,13.066231753,0.001047,13000531,80716212
membench,1,dram,seq_prefetch,4000,40024.496094,12.261025051,0.001047,13134841,80675239
membench,1,dram,pgn_prefetch,4000,46643.531250,12.225739513,0.001047,13498653,81336520
membench,1,dram,rnd_prefetch,4000,31493.880859,12.331593485,0.001047,12884656,80718068
membench,1,pmem,seq,4000,42961.785156,13.659209973,0.001047,12993366,80694820
membench,1,pmem,pgn,4000,2095.809082,18.207895034,0.001047,13561472,81518099
membench,1,pmem,rnd,4000,2080.334229,18.235405719,0.001047,12927556,80825685
membench,1,pmem,seq_prefetch,4000,39851.117188,13.686975093,0.001047,13222572,80702893
membench,1,pmem,pgn_prefetch,4000,43076.894531,13.668648477,0.001047,13434151,81356248
membench,1,pmem,rnd_prefetch,4000,30019.031250,13.760604885,0.001047,12805270,80730379
membench,1,dram,seq,4500,42935.039062,13.544982051,0.001177,13087439,80736415
membench,1,dram,pgn,4500,9873.540039,14.327644819,0.001177,13634744,81492631
membench,1,dram,rnd,4500,9532.825195,14.362682729,0.001177,13012458,80823866
membench,1,dram,seq_prefetch,4500,39986.402344,13.564068501,0.001177,13129305,80673520
membench,1,dram,pgn_prefetch,4500,46557.105469,13.528272937,0.001177,13495812,81384621
membench,1,dram,rnd_prefetch,4500,31629.654297,13.629541936,0.001177,12874031,80756860
membench,1,pmem,seq,4500,42893.785156,14.960156077,0.001177,12993206,80740355
membench,1,pmem,pgn,4500,2106.282471,19.481843790,0.001177,13558308,81578376
membench,1,pmem,rnd,4500,2089.231445,19.503687530,0.001176,12936342,80944054
membench,1,pmem,seq_prefetch,4500,39821.917969,14.986212442,0.001177,13217950,80696468
membench,1,pmem,pgn_prefetch,4500,45902.511719,14.948191833,0.001177,13438352,81415113
membench,1,pmem,rnd_prefetch,4500,31312.037109,15.042357675,0.001176,12799083,80729702
membench,1,dram,seq,5000,42908.140625,14.847366734,0.001307,13114921,80800169
membench,1,dram,pgn,5000,9892.332031,15.618091820,0.001307,13638102,81459140
membench,1,dram,rnd,5000,9560.174805,15.661284812,0.001307,13031597,80768360
membench,1,dram,seq_prefetch,5000,39850.480469,14.864470349,0.001307,13307954,80787727
membench,1,dram,pgn_prefetch,5000,46566.640625,14.827790681,0.001307,13537257,81456889
membench,1,dram,rnd_prefetch,5000,31182.082031,14.966053017,0.001310,12865349,80828762
membench,1,pmem,seq,5000,42825.453125,16.262518370,0.001307,12999323,80798727
membench,1,pmem,pgn,5000,2111.169189,20.773122496,0.001307,13556720,81616554
membench,1,pmem,rnd,5000,2094.963379,20.796238511,0.001307,12922411,80945309
membench,1,pmem,seq_prefetch,5000,39758.902344,16.287811845,0.001307,13205493,80813338
membench,1,pmem,pgn_prefetch,5000,46387.570312,16.247303298,0.001307,13444429,81468257
membench,1,pmem,rnd_prefetch,5000,31485.056641,16.342541457,0.001307,12806308,80839092
membench,1,dram,seq,10000,42092.500000,27.803335740,0.002602,13176397,81356952
membench,1,dram,pgn,10000,9949.090820,28.572622757,0.002602,13731309,82036732
membench,1,dram,rnd,10000,9594.341797,28.610303286,0.002602,13065745,81344520
membench,1,dram,seq_prefetch,10000,39446.019531,27.818460427,0.002602,13276226,81356790
membench,1,dram,pgn_prefetch,10000,46445.308594,27.778903091,0.002602,13594283,82013779
membench,1,dram,rnd_prefetch,10000,31514.326172,27.878444130,0.002602,12984041,81386953
membench,1,pmem,seq,10000,41672.917969,29.220231451,0.002602,13006990,81300488
membench,1,pmem,pgn,10000,2115.469971,33.716702998,0.002602,13566431,82085930
membench,1,pmem,rnd,10000,2098.713379,33.734525234,0.002602,12935383,81500797
membench,1,pmem,seq_prefetch,10000,38942.929688,29.247232871,0.002602,13193787,81335534
membench,1,pmem,pgn_prefetch,10000,45663.769531,29.198516931,0.002602,13444354,81987710
membench,1,pmem,rnd_prefetch,10000,31526.845703,29.292400336,0.002602,12812255,81353201
membench,1,dram,seq,15000,42384.015625,40.667490593,0.003888,13270258,81952307
membench,1,dram,pgn,15000,9921.756836,41.444201113,0.003889,13783230,82590017
membench,1,dram,rnd,15000,9593.200195,41.474666628,0.003889,13157481,81967221
membench,1,dram,seq_prefetch,15000,39438.242188,40.675127552,0.003888,13368042,81846940
membench,1,dram,pgn_prefetch,15000,46187.031250,40.650102490,0.003889,13675644,82614950
membench,1,dram,rnd_prefetch,15000,31611.957031,40.750119291,0.003889,13039618,81952096
membench,1,pmem,seq,15000,42319.441406,42.076196708,0.003888,13020255,81855253
membench,1,pmem,pgn,15000,2117.309082,46.570749895,0.003888,13572074,82685856
membench,1,pmem,rnd,15000,2100.570801,46.596012729,0.003888,12929256,82031306
membench,1,pmem,seq_prefetch,15000,39438.863281,42.104564415,0.003888,13142325,81845100
membench,1,pmem,pgn_prefetch,15000,45496.113281,42.064203096,0.003888,13454406,82437852
membench,1,pmem,rnd_prefetch,15000,31120.460938,42.157913931,0.003888,12825326,81869327
membench,1,dram,seq,20000,37912.250000,53.563070234,0.005175,13444768,82596683
membench,1,dram,pgn,20000,9697.082031,54.337714428,0.005176,13850646,83136991
membench,1,dram,rnd,20000,9362.367188,54.373298470,0.005176,13252524,82498587
membench,1,dram,seq_prefetch,20000,35756.300781,53.577414810,0.005175,13568788,82496685
membench,1,dram,pgn_prefetch,20000,40793.015625,53.542911087,0.005175,13779905,83144220
membench,1,dram,rnd_prefetch,20000,28760.093750,53.646256321,0.005175,13157241,82588850
membench,1,pmem,seq,20000,37707.675781,54.972658945,0.005175,13038728,82278538
membench,1,pmem,pgn,20000,2105.833740,59.463939119,0.005175,13569334,83163938
membench,1,pmem,rnd,20000,2089.511230,59.484555796,0.005175,12941510,82469486
membench,1,pmem,seq_prefetch,20000,35414.152344,54.996603976,0.005175,13121694,82360192
membench,1,pmem,pgn_prefetch,20000,40322.093750,54.957187125,0.005175,13467978,82982318
membench,1,pmem,rnd_prefetch,20000,28527.904297,55.054163155,0.005175,12827771,82300952
membench_base,2,dram,,,,0.000563786,,461,9198
membench_data_init,2,dram,,,,0.961156004,,2177386,51158699
membench_pregen_init,2,dram,,,,1.568250812,,2963682,70205522
membench_base,2,pmem,,,,0.000569551,,584,9815
membench_data_init,2,pmem,,,,1.993005011,,2170298,51202480
membench_pregen_init,2,pmem,,,,2.984898840,,2970072,70267134
membench,2,dram,seq,0,42198.011719,1.940764005,0.000016,13020214,80223462
membench,2,dram,pgn,0,9929.352539,2.710800677,0.000016,13584465,80831571
membench,2,dram,rnd,0,9589.473633,2.745586672,0.000016,12973190,80262883
membench,2,dram,seq_prefetch,0,38705.082031,1.961210152,0.000016,13071823,80227176
membench,2,dram,pgn_prefetch,0,20547.044922,2.191114370,0.000016,13457020,80834898
membench,2,dram,rnd_prefetch,0,17914.437500,2.257939028,0.000016,12816411,80265003
membench,2,pmem,seq,0,25376.654297,3.514118293,0.000016,12988064,80287379
membench,2,pmem,pgn,0,1976.104614,8.184993951,0.000016,13564203,81110470
membench,2,pmem,rnd,0,1965.166992,8.203771192,0.000016,12935684,80475873
membench,2,pmem,seq_prefetch,0,22024.685547,3.581613352,0.000016,13014578,80305724
membench,2,pmem,pgn_prefetch,0,3602.319824,5.899768738,0.000016,13427015,81045793
membench,2,pmem,rnd_prefetch,0,3530.594727,5.947334345,0.000016,12792543,80351082
membench,2,dram,seq,500,42941.304688,3.241414246,0.000146,12997645,80231204
membench,2,dram,pgn,500,9917.703125,4.015813321,0.000146,13599646,80948339
membench,2,dram,rnd,500,9558.474609,4.052927378,0.000146,12962522,80327856
membench,2,dram,seq_prefetch,500,39760.324219,3.258618313,0.000146,13186557,80281853
membench,2,dram,pgn_prefetch,500,38672.753906,3.263909667,0.000146,13437215,80936873
membench,2,dram,rnd_prefetch,500,27993.953125,3.366790353,0.000146,12825954,80310961
membench,2,pmem,seq,500,40816.992188,4.671332338,0.000146,12991259,80274204
membench,2,pmem,pgn,500,1972.425537,9.500139362,0.000146,13556134,81112293
membench,2,pmem,rnd,500,1959.896606,9.527557996,0.000147,12931456,80534198
membench,2,pmem,seq_prefetch,500,34175.531250,4.721384075,0.000146,13024099,80347490
membench,2,pmem,pgn_prefetch,500,4741.534180,6.537256077,0.000146,13435626,81068509
membench,2,pmem,rnd_prefetch,500,4628.853516,6.588053801,0.000147,12800007,80439529
membench,2,dram,seq,1000,43013.343750,4.526975644,0.000275,13017779,80275332
membench,2,dram,pgn,1000,9849.217773,5.306954389,0.000275,13585284,81019110
membench,2,dram,rnd,1000,9522.232422,5.347349626,0.000275,12959222,80374838
membench,2,dram,seq_prefetch,1000,39975.214844,4.544243891,0.000275,13050929,80334929
membench,2,dram,pgn_prefetch,1000,43649.441406,4.520471279,0.000275,13466709,81000527
membench,2,dram,rnd_prefetch,1000,30468.388672,4.622368579,0.000275,12808638,80309403
membench,2,pmem,seq,1000,42592.156250,5.947142724,0.000275,12983675,80327387
membench,2,pmem,pgn,1000,2000.076416,10.718155750,0.000275,13561687,81214947
membench,2,pmem,rnd,1000,1987.856201,10.744455595,0.000276,12935719,80584158
membench,2,pmem,seq_prefetch,1000,34810.699219,6.004882560,0.000275,13222354,80331623
membench,2,pmem,pgn_prefetch,1000,7114.035156,7.120503548,0.000275,13424579,81027665
membench,2,pmem,rnd_prefetch,1000,6842.940918,7.169679440,0.000275,12801135,80459302
membench,2,dram,seq,1500,43027.039062,5.812906069,0.000403,13056803,80402141
membench,2,dram,pgn,1500,9895.424805,6.590606870,0.000404,13593599,81067306
membench,2,dram,rnd,1500,9533.107422,6.631342435,0.000404,12982156,80367673
membench,2,dram,seq_prefetch,1500,39946.312500,5.832261260,0.000404,13067112,80339363
membench,2,dram,pgn_prefetch,1500,46602.449219,5.790914712,0.000403,13479648,80994597
membench,2,dram,rnd_prefetch,1500,31610.359375,5.897903000,0.000404,12840406,80429139
membench,2,pmem,seq,1500,42839.945312,7.229948431,0.000404,12997393,80439490
membench,2,pmem,pgn,1500,2031.263550,11.928323495,0.000404,13568531,81207654
membench,2,pmem,rnd,1500,2016.868652,11.953554806,0.000404,12929338,80579577
membench,2,pmem,seq_prefetch,1500,39373.800781,7.257605445,0.000404,13201251,80440445
membench,2,pmem,pgn_prefetch,1500,13036.347656,7.769241356,0.000403,13433378,81119776
membench,2,pmem,rnd_prefetch,1500,12070.938477,7.824491427,0.000404,12798551,80488415
membench,2,dram,seq,2000,43074.484375,7.099531723,0.000532,13040089,80412964
membench,2,dram,pgn,2000,9831.904297,7.881077766,0.000532,13627016,81119243
membench,2,dram,rnd,2000,9515.752930,7.922289391,0.000533,12979914,80435964
membench,2,dram,seq_prefetch,2000,39944.394531,7.116039984,0.000532,13128279,80455438
membench,2,dram,pgn_prefetch,2000,46646.359375,7.080731529,0.000532,13468586,81121702
membench,2,dram,rnd_prefetch,2000,31721.560547,7.175124254,0.000532,12846412,80483115
membench,2,pmem,seq,2000,42977.296875,8.516457799,0.000532,12989111,80488611
membench,2,pmem,pgn,2000,2043.377686,13.173315582,0.000531,13556189,81310180
membench,2,pmem,rnd,2000,2030.978149,13.203391851,0.000532,12928441,80688315
membench,2,pmem,seq_prefetch,2000,38758.785156,8.547732740,0.000532,13206675,80487494
membench,2,pmem,pgn_prefetch,2000,21108.312500,8.762011961,0.000532,13423524,81167444
membench,2,pmem,rnd_prefetch,2000,17617.328125,8.846012578,0.000532,12796043,80463972
membench,2,dram,seq,2500,43104.191406,8.386054384,0.000661,13062682,80449152
membench,2,dram,pgn,2500,9908.780273,9.165066962,0.000661,13599320,81179000
membench,2,dram,rnd,2500,9579.296875,9.198318740,0.000661,12981588,80536302
membench,2,dram,seq_prefetch,2500,39965.468750,8.400071027,0.000661,13092461,80510736
membench,2,dram,pgn_prefetch,2500,46522.878906,8.365755510,0.000661,13471034,81155507
membench,2,dram,rnd_prefetch,2500,31738.675781,8.470214799,0.000661,12839909,80482716
membench,2,pmem,seq,2500,42959.199219,9.803612582,0.000661,12998123,80541230
membench,2,pmem,pgn,2500,2060.201172,14.431152655,0.000661,13560070,81308506
membench,2,pmem,rnd,2500,2046.027832,14.452380691,0.000661,12926930,80727699
membench,2,pmem,seq_prefetch,2500,39823.503906,9.827537140,0.000661,13033054,80547883
membench,2,pmem,pgn_prefetch,2500,24741.083984,9.980180891,0.000661,13438251,81147567
membench,2,pmem,rnd_prefetch,2500,20005.361328,10.066634905,0.000661,12795604,80587562
membench,2,dram,seq,3000,43040.371094,9.678419396,0.000789,13079161,80582975
membench,2,dram,pgn,3000,9899.882812,10.447301848,0.000789,13613191,81224610
membench,2,dram,rnd,3000,9568.919922,10.487458252,0.000790,13002459,80595008
membench,2,dram,seq_prefetch,3000,39968.183594,9.688174173,0.000789,13100894,80569721
membench,2,dram,pgn_prefetch,3000,46477.472656,9.654216663,0.000789,13503972,81161612
membench,2,dram,rnd_prefetch,3000,31676.244141,9.749823823,0.000790,12853953,80590760
membench,2,pmem,seq,3000,42920.664062,11.089529087,0.000789,12985496,80594453
membench,2,pmem,pgn,3000,2072.331543,15.686615330,0.000789,13557527,81415121
membench,2,pmem,rnd,3000,2058.272217,15.711776812,0.000790,12925108,80785687
membench,2,pmem,seq_prefetch,3000,39884.496094,11.110709854,0.000789,13035987,80594725
membench,2,pmem,pgn_prefetch,3000,30608.560547,11.186618691,0.000790,13432259,81256796
membench,2,pmem,rnd_prefetch,3000,23444.570312,11.279266722,0.000789,12803249,80566851
membench,2,dram,seq,3500,43040.925781,10.958988249,0.000918,13061763,80628936
membench,2,dram,pgn,3500,9942.551758,11.732470653,0.000918,13637962,81289459
membench,2,dram,rnd,3500,9608.085938,11.769676897,0.000919,12988517,80664657
membench,2,dram,seq_prefetch,3500,40015.207031,10.970713265,0.000918,13193556,80613782
membench,2,dram,pgn_prefetch,3500,46613.742188,10.938379356,0.000918,13496327,81287763
membench,2,dram,rnd_prefetch,3500,31696.224609,11.040340395,0.000918,12886367,80658005
membench,2,pmem,seq,3500,42905.195312,12.375178493,0.000918,12997386,80636776
membench,2,pmem,pgn,3500,2085.378418,16.951077453,0.000918,13560904,81478119
membench,2,pmem,rnd,3500,2071.093506,16.968283380,0.000918,12930462,80773920
membench,2,pmem,seq_prefetch,3500,39861.757812,12.396837438,0.000918,13113800,80647144
membench,2,pmem,pgn_prefetch,3500,36875.601562,12.418475644,0.000918,13438203,81313999
membench,2,pmem,rnd_prefetch,3500,26897.337891,12.510416577,0.000918,12803966,80619777
membench,2,dram,seq,4000,42985.238281,12.245124164,0.001047,13083254,80678939
membench,2,dram,pgn,4000,9887.157227,13.022139133,0.001047,13632730,81365301
membench,2,dram,rnd,4000,9544.424805,13.066055587,0.001047,13000144,80727367
membench,2,dram,seq_prefetch,4000,40015.687500,12.264829441,0.001047,13258079,80683573
membench,2,dram,pgn_prefetch,4000,46572.933594,12.222040684,0.001047,13489463,81332849
membench,2,dram,rnd_prefetch,4000,31691.101562,12.330837591,0.001047,12859971,80701385
membench,2,pmem,seq,4000,42945.917969,13.661842070,0.001047,12991150,80698937
membench,2,pmem,pgn,4000,2096.158447,18.205991957,0.001047,13565218,81460772
membench,2,pmem,rnd,4000,2080.335449,18.234343696,0.001047,12928134,80812830
membench,2,pmem,seq_prefetch,4000,39957.964844,13.686032767,0.001047,13224090,80635877
membench,2,pmem,pgn_prefetch,4000,42740.886719,13.666026169,0.001047,13431556,81297168
membench,2,pmem,rnd_prefetch,4000,30124.292969,13.757489073,0.001047,12804469,80722230
membench,2,dram,seq,4500,42960.863281,13.545400413,0.001177,13110095,80735498
membench,2,dram,pgn,4500,9880.153320,14.323505795,0.001177,13643127,81400204
membench,2,dram,rnd,4500,9530.671875,14.361422639,0.001177,13025162,80782112
membench,2,dram,seq_prefetch,4500,39938.335938,13.563615733,0.001177,13126978,80678821
membench,2,dram,pgn_prefetch,4500,46546.914062,13.524936424,0.001177,13532092,81396527
membench,2,dram,rnd_prefetch,4500,31646.669922,13.627476439,0.001177,12868821,80747912
membench,2,pmem,seq,4500,42921.035156,14.963414984,0.001177,12999615,80754486
membench,2,pmem,pgn,4500,2105.189697,19.484317794,0.001177,13557843,81561973
membench,2,pmem,rnd,4500,2089.277344,19.507093912,0.001177,12936111,80949591
membench,2,pmem,seq_prefetch,4500,39783.421875,14.985333976,0.001177,13216280,80762367
membench,2,pmem,pgn_prefetch,4500,45849.265625,14.950486245,0.001177,13432551,81418294
membench,2,pmem,rnd_prefetch,4500,31291.949219,15.042873783,0.001176,12798607,80734951
membench,2,dram,seq,5000,42889.003906,14.847115343,0.001307,13087515,80732601
membench,2,dram,pgn,5000,9889.181641,15.624708706,0.001307,13668990,81472851
membench,2,dram,rnd,5000,9521.098633,15.664119974,0.001307,13013875,80935017
membench,2,dram,seq_prefetch,5000,39940.570312,14.862894959,0.001307,13194104,80795362
membench,2,dram,pgn_prefetch,5000,46426.117188,14.827863747,0.001307,13517382,81443379
membench,2,dram,rnd_prefetch,5000,31657.792969,14.929672919,0.001307,12895833,80808868
membench,2,pmem,seq,5000,42844.351562,16.262699703,0.001307,12999061,80799496
membench,2,pmem,pgn,5000,2110.366943,20.767708171,0.001307,13561521,81608504
membench,2,pmem,rnd,5000,2096.078857,20.795181386,0.001307,12924051,81004941
membench,2,pmem,seq_prefetch,5000,39878.925781,16.287381495,0.001307,13041559,80741545
membench,2,pmem,pgn_prefetch,5000,46367.996094,16.249607605,0.001307,13431897,81471680
membench,2,pmem,rnd_prefetch,5000,31469.699219,16.340344729,0.001307,12809889,80837289
membench,2,dram,seq,10000,41872.539062,27.808100942,0.002602,13195123,81363318
membench,2,dram,pgn,10000,9949.447266,28.573158820,0.002602,13707905,81994165
membench,2,dram,rnd,10000,9567.683594,28.611187234,0.002602,13077493,81349645
membench,2,dram,seq_prefetch,10000,39378.449219,27.815698507,0.002602,13298694,81383433
membench,2,dram,pgn_prefetch,10000,45648.343750,27.777379167,0.002602,13591106,81992907
membench,2,dram,rnd_prefetch,10000,31621.853516,27.881817081,0.002602,12955519,81318109
membench,2,pmem,seq,10000,42477.093750,29.216016310,0.002602,13004409,81316786
membench,2,pmem,pgn,10000,2114.036133,33.718845543,0.002602,13570070,82130549
membench,2,pmem,rnd,10000,2098.603516,33.736409055,0.002602,12935092,81490001
membench,2,pmem,seq_prefetch,10000,39475.136719,29.236411618,0.002602,13081172,81319564
membench,2,pmem,pgn_prefetch,10000,45977.222656,29.201090597,0.002602,13446793,81979093
membench,2,pmem,rnd_prefetch,10000,31430.925781,29.292458580,0.002602,12812081,81345496
membench,2,dram,seq,15000,42429.875000,40.665792336,0.003889,13338756,81864741
membench,2,dram,pgn,15000,9925.508789,41.440378648,0.003889,13774739,82501994
membench,2,dram,rnd,15000,9557.524414,41.475824069,0.003888,13164480,81906149
membench,2,dram,seq_prefetch,15000,39474.984375,40.684491805,0.003889,13430703,81931752
membench,2,dram,pgn_prefetch,15000,45708.433594,40.651221868,0.003889,13686364,82548686
membench,2,dram,rnd_prefetch,15000,31592.482422,40.747131785,0.003889,13036280,81878365
membench,2,pmem,seq,15000,42409.000000,42.078655500,0.003888,13021843,81790379
membench,2,pmem,pgn,15000,2116.861328,46.574965927,0.003888,13561610,82629066
membench,2,pmem,rnd,15000,2101.259277,46.596803546,0.003888,12935542,82037738
membench,2,pmem,seq_prefetch,15000,39127.457031,42.103050427,0.003888,13221529,81801613
membench,2,pmem,pgn_prefetch,15000,45562.859375,42.067385754,0.003888,13461273,82534338
membench,2,pmem,rnd_prefetch,15000,31523.068359,42.154218930,0.003888,12819811,81865261
membench,2,dram,seq,20000,38084.648438,53.557408603,0.005175,13381606,82475233
membench,2,dram,pgn,20000,9693.577148,54.326002583,0.005175,13879158,83111770
membench,2,dram,rnd,20000,9525.460938,54.347571227,0.005175,13207672,82450679
membench,2,dram,seq_prefetch,20000,35745.433594,53.579126216,0.005175,13602955,82542219
membench,2,dram,pgn_prefetch,20000,40972.523438,53.542400676,0.005176,13746794,83084904
membench,2,dram,rnd_prefetch,20000,28856.781250,53.642747360,0.005175,13145921,82487294
membench,2,pmem,seq,20000,38056.097656,54.969367950,0.005174,13026160,82339791
membench,2,pmem,pgn,20000,2106.114014,59.461864291,0.005175,13573664,83109991
membench,2,pmem,rnd,20000,2088.751221,59.491640658,0.005175,12940819,82462331
membench,2,pmem,seq_prefetch,20000,35705.105469,54.992446690,0.005174,13160474,82311113
membench,2,pmem,pgn_prefetch,20000,40474.523438,54.955272692,0.005174,13467113,82994764
membench,2,pmem,rnd_prefetch,20000,28691.031250,55.044897907,0.005174,12827306,82358101
membench_base,3,dram,,,,0.000557032,,454,9849
membench_data_init,3,dram,,,,0.961596083,,2172500,51157485
membench_pregen_init,3,dram,,,,1.570191974,,2971910,70201635
membench_base,3,pmem,,,,0.000617600,,591,9598
membench_data_init,3,pmem,,,,1.990679734,,2173906,51206155
membench_pregen_init,3,pmem,,,,2.986784075,,2963206,70211205
membench,3,dram,seq,0,42230.621094,1.940728995,0.000016,12994508,80226701
membench,3,dram,pgn,0,9935.903320,2.709843430,0.000016,13567478,80888007
membench,3,dram,rnd,0,9592.178711,2.743954558,0.000016,12951939,80269372
membench,3,dram,seq_prefetch,0,38703.132812,1.960748502,0.000016,13050661,80223190
membench,3,dram,pgn_prefetch,0,20535.693359,2.192038074,0.000016,13437719,80830317
membench,3,dram,rnd_prefetch,0,17933.648438,2.257950053,0.000016,12795551,80255773
membench,3,pmem,seq,0,22858.867188,3.555215881,0.000016,12993886,80291866
membench,3,pmem,pgn,0,1975.563354,8.188799348,0.000016,13564006,81119275
membench,3,pmem,rnd,0,1964.849487,8.201832476,0.000016,12930694,80479500
membench,3,pmem,seq_prefetch,0,20391.808594,3.619306452,0.000016,13021984,80234025
membench,3,pmem,pgn_prefetch,0,3601.445312,5.896627129,0.000016,13433902,81037263
membench,3,pmem,rnd_prefetch,0,3531.795654,5.947288639,0.000016,12796064,80411550
membench,3,dram,seq,500,42924.167969,3.238817602,0.000146,13016617,80291838
membench,3,dram,pgn,500,9898.363281,4.017227510,0.000146,13568767,80888794
membench,3,dram,rnd,500,9557.315430,4.053588670,0.000147,12953097,80315797
membench,3,dram,seq_prefetch,500,39852.070312,3.258029564,0.000146,13031103,80282943
membench,3,dram,pgn_prefetch,500,38657.953125,3.265558905,0.000146,13458082,80894298
membench,3,dram,rnd_prefetch,500,28036.964844,3.367673138,0.000147,12799218,80253862
membench,3,pmem,seq,500,40791.519531,4.667554490,0.000146,12987130,80333784
membench,3,pmem,pgn,500,1970.896973,9.503573928,0.000146,13561491,81173733
membench,3,pmem,rnd,500,1960.906128,9.525391691,0.000147,12926829,80475957
membench,3,pmem,seq_prefetch,500,31823.417969,4.747187372,0.000146,13113988,80278335
membench,3,pmem,pgn_prefetch,500,4739.430664,6.537275962,0.000146,13425925,81069932
membench,3,pmem,rnd_prefetch,500,4622.785156,6.589971150,0.000147,12799215,80438053
membench,3,dram,seq,1000,43040.742188,4.525288611,0.000275,13015098,80345906
membench,3,dram,pgn,1000,9847.938477,5.308865968,0.000275,13594602,81003825
membench,3,dram,rnd,1000,9518.243164,5.346473341,0.000275,12974587,80388372
membench,3,dram,seq_prefetch,1000,39977.613281,4.545788511,0.000275,13059118,80342024
membench,3,dram,pgn_prefetch,1000,43615.746094,4.522953618,0.000275,13451373,80998637
membench,3,dram,rnd_prefetch,1000,30555.343750,4.622067470,0.000275,12839187,80309684
membench,3,pmem,seq,1000,42514.476562,5.944201601,0.000275,12982695,80384543
membench,3,pmem,pgn,1000,1999.602783,10.720126161,0.000275,13558642,81210957
membench,3,pmem,rnd,1000,1986.531006,10.745018537,0.000275,12930656,80579433
membench,3,pmem,seq_prefetch,1000,36704.789062,5.990262255,0.000275,13032703,80329151
membench,3,pmem,pgn_prefetch,1000,7126.705078,7.117979790,0.000275,13428714,81088956
membench,3,pmem,rnd_prefetch,1000,6841.995117,7.172552320,0.000275,12789014,80462649
membench,3,dram,seq,1500,43050.933594,5.812939672,0.000403,13022485,80339129
membench,3,dram,pgn,1500,9899.264648,6.590253999,0.000404,13593208,81062092
membench,3,dram,rnd,1500,9533.896484,6.631687170,0.000404,12980804,80441796
membench,3,dram,seq_prefetch,1500,40008.320312,5.826966983,0.000404,13063492,80391316
membench,3,dram,pgn_prefetch,1500,46574.234375,5.795725668,0.000404,13465739,81082213
membench,3,dram,rnd_prefetch,1500,31624.751953,5.900710120,0.000404,12837808,80513956
membench,3,pmem,seq,1500,42942.230469,7.228750929,0.000403,12994264,80435715
membench,3,pmem,pgn,1500,2032.501343,11.929607531,0.000404,13561806,81268741
membench,3,pmem,rnd,1500,2016.541748,11.954962214,0.000404,12926655,80570685
membench,3,pmem,seq_prefetch,1500,39664.753906,7.254665075,0.000404,13035783,80435310
membench,3,pmem,pgn_prefetch,1500,13039.968750,7.777340963,0.000404,13432936,81125972
membench,3,pmem,rnd_prefetch,1500,12072.016602,7.828163952,0.000404,12814776,80441256
membench,3,dram,seq,2000,43081.164062,7.099780461,0.000532,13050658,80415999
membench,3,dram,pgn,2000,9840.311523,7.882897205,0.000532,13591360,81067569
membench,3,dram,rnd,2000,9516.350586,7.919181086,0.000532,12969327,80479724
membench,3,dram,seq_prefetch,2000,39996.800781,7.118169628,0.000532,13087249,80462162
membench,3,dram,pgn_prefetch,2000,46660.722656,7.082134623,0.000532,13463777,81098915
membench,3,dram,rnd_prefetch,2000,31701.449219,7.183628399,0.000532,12836191,80430582
membench,3,pmem,seq,2000,42909.246094,8.518042174,0.000532,12993253,80423788
membench,3,pmem,pgn,2000,2045.640381,13.179507227,0.000532,13567851,81324454
membench,3,pmem,rnd,2000,2027.606323,13.223107876,0.000533,12933798,80697439
membench,3,pmem,seq_prefetch,2000,39650.757812,8.544356306,0.000532,13037091,80434088
membench,3,pmem,pgn_prefetch,2000,21113.794922,8.759696903,0.000532,13431697,81151293
membench,3,pmem,rnd_prefetch,2000,17641.474609,8.848059340,0.000532,12800073,80531379
membench,3,dram,seq,2500,42967.140625,8.387401143,0.000661,13043271,80508973
membench,3,dram,pgn,2500,9919.375000,9.160139257,0.000661,13614964,81117335
membench,3,dram,rnd,2500,9588.802734,9.198315700,0.000661,12975991,80483328
membench,3,dram,seq_prefetch,2500,39919.679688,8.405773157,0.000661,13220369,80460816
membench,3,dram,pgn_prefetch,2500,46642.878906,8.365210332,0.000661,13487268,81170977
membench,3,dram,rnd_prefetch,2500,31724.480469,8.466901916,0.000661,12847197,80534102
membench,3,pmem,seq,2500,42943.890625,9.801717988,0.000661,12995956,80538624
membench,3,pmem,pgn,2500,2061.307373,14.429845345,0.000661,13565420,81368927
membench,3,pmem,rnd,2500,2045.229492,14.456437867,0.000661,12930741,80753164
membench,3,pmem,seq_prefetch,2500,39709.800781,9.829745339,0.000661,13031615,80485663
membench,3,pmem,pgn_prefetch,2500,24678.867188,9.976027982,0.000661,13434413,81209821
membench,3,pmem,rnd_prefetch,2500,19996.400391,10.071035272,0.000661,12799009,80525328
membench,3,dram,seq,3000,42955.878906,9.672625446,0.000789,13041249,80502641
membench,3,dram,pgn,3000,9907.248047,10.451287329,0.000790,13613881,81275704
membench,3,dram,rnd,3000,9576.846680,10.490003604,0.000790,12992285,80671466
membench,3,dram,seq_prefetch,3000,39965.468750,9.687113653,0.000790,13193241,80558185
membench,3,dram,pgn_prefetch,3000,46716.527344,9.655322438,0.000790,13478828,81222352
membench,3,dram,rnd_prefetch,3000,31713.916016,9.760537171,0.000790,12868825,80695304
membench,3,pmem,seq,3000,42940.386719,11.089338858,0.000789,13005849,80595407
membench,3,pmem,pgn,3000,2072.181152,15.689049844,0.000789,13559459,81360847
membench,3,pmem,rnd,3000,2057.416504,15.714400255,0.000790,12932525,80723879
membench,3,pmem,seq_prefetch,3000,39843.179688,11.114510466,0.000790,13043981,80594550
membench,3,pmem,pgn_prefetch,3000,30534.351562,11.182928840,0.000789,13437550,81252233
membench,3,pmem,rnd_prefetch,3000,23492.542969,11.284842261,0.000790,12798137,80580575
membench,3,dram,seq,3500,43056.492188,10.960465622,0.000918,13072432,80627334
membench,3,dram,pgn,3500,9916.306641,11.736079615,0.000918,13623065,81375789
membench,3,dram,rnd,3500,9590.136719,11.770991343,0.000918,13003469,80670280
membench,3,dram,seq_prefetch,3500,40015.527344,10.977041076,0.000918,13114949,80626780
membench,3,dram,pgn_prefetch,3500,46648.320312,10.934213612,0.000918,13502220,81286264
membench,3,dram,rnd_prefetch,3500,31715.324219,11.045158207,0.000918,12865352,80661119
membench,3,pmem,seq,3500,42924.902344,12.375651328,0.000918,13002205,80634979
membench,3,pmem,pgn,3500,2086.066895,16.944276380,0.000918,13566428,81471158
membench,3,pmem,rnd,3500,2070.631836,16.967318216,0.000919,12926702,80823489
membench,3,pmem,seq_prefetch,3500,39855.246094,12.400239659,0.000918,13214815,80647555
membench,3,pmem,pgn_prefetch,3500,36662.402344,12.419341113,0.000918,13441841,81245227
membench,3,pmem,rnd_prefetch,3500,26937.914062,12.512632581,0.000918,12808161,80615034
membench,3,dram,seq,4000,43166.523438,12.245791304,0.001047,13076721,80672761
membench,3,dram,pgn,4000,9898.951172,13.021114879,0.001047,13631066,81340320
membench,3,dram,rnd,4000,9529.155273,13.065478053,0.001047,13002010,80670356
membench,3,dram,seq_prefetch,4000,39998.558594,12.266932188,0.001047,13123886,80684476
membench,3,dram,pgn_prefetch,4000,46581.394531,12.227461659,0.001047,13512557,81349753
membench,3,dram,rnd_prefetch,4000,31700.244141,12.329824944,0.001047,12877187,80658374
membench,3,pmem,seq,4000,42901.515625,13.660412599,0.001047,13011852,80703973
membench,3,pmem,pgn,4000,2095.300537,18.209677469,0.001047,13562242,81527938
membench,3,pmem,rnd,4000,2079.555908,18.242387926,0.001047,12944126,80888127
membench,3,pmem,seq_prefetch,4000,39945.035156,13.686664505,0.001047,13030672,80637296
membench,3,pmem,pgn_prefetch,4000,43051.488281,13.663256523,0.001047,13439790,81294000
membench,3,pmem,rnd_prefetch,4000,29975.031250,13.759510159,0.001047,12801236,80735464
membench,3,dram,seq,4500,42945.363281,13.545391484,0.001177,13082759,80742136
membench,3,dram,pgn,4500,9877.089844,14.325365700,0.001177,13631440,81408707
membench,3,dram,rnd,4500,9528.892578,14.364296866,0.001177,13010242,80755722
membench,3,dram,seq_prefetch,4500,39810.500000,13.559857133,0.001177,13183310,80864267
membench,3,dram,pgn_prefetch,4500,46633.523438,13.525350535,0.001177,13515170,81336042
membench,3,dram,rnd_prefetch,4500,31638.361328,13.629752702,0.001177,12879597,80766085
membench,3,pmem,seq,4500,42961.785156,14.959385724,0.001177,12997649,80745123
membench,3,pmem,pgn,4500,2106.293701,19.482376165,0.001177,13558049,81575678
membench,3,pmem,rnd,4500,2089.492432,19.505867199,0.001177,12928774,80885945
membench,3,pmem,seq_prefetch,4500,39874.000000,14.984793325,0.001177,13040108,80688015
membench,3,pmem,pgn_prefetch,4500,45904.832031,14.949401962,0.001177,13446808,81412505
membench,3,pmem,rnd_prefetch,4500,31299.589844,15.042728898,0.001176,12802660,80787119
membench,3,dram,seq,5000,42895.808594,14.847116210,0.001307,13114763,80793492
membench,3,dram,pgn,5000,9918.666992,15.625591352,0.001307,13639468,81471988
membench,3,dram,rnd,5000,9528.746094,15.655207851,0.001307,13016839,80772816
membench,3,dram,seq_prefetch,5000,39919.042969,14.865357621,0.001307,13146549,80730076
membench,3,dram,pgn_prefetch,5000,46606.140625,14.829682609,0.001307,13533631,81461451
membench,3,dram,rnd_prefetch,5000,31585.796875,14.931369426,0.001307,12874721,80753190
membench,3,pmem,seq,5000,42787.523438,16.260370961,0.001307,12995097,80789914
membench,3,pmem,pgn,5000,2109.845703,20.772885644,0.001307,13564602,81625424
membench,3,pmem,rnd,5000,2095.253662,20.795318270,0.001307,12932199,80996553
membench,3,pmem,seq_prefetch,5000,39829.527344,16.293945698,0.001307,13057773,80744293
membench,3,pmem,pgn_prefetch,5000,46355.742188,16.247468087,0.001307,13440057,81470199
membench,3,pmem,rnd_prefetch,5000,31514.822266,16.343441354,0.001307,12798373,80828426
membench,3,dram,seq,10000,42578.558594,27.801588029,0.002602,13192318,81357131
membench,3,dram,pgn,10000,9942.117188,28.566749336,0.002602,13711090,82045164
membench,3,dram,rnd,10000,9595.078125,28.611296576,0.002603,13096659,81449831
membench,3,dram,seq_prefetch,10000,37224.535156,27.835843913,0.002602,13292043,81331069
membench,3,dram,pgn_prefetch,10000,46249.832031,27.784435855,0.002602,13601894,81971421
membench,3,dram,rnd_prefetch,10000,31554.900391,27.883010874,0.002602,12963170,81390256
membench,3,pmem,seq,10000,41606.335938,29.220359943,0.002602,13012806,81301470
membench,3,pmem,pgn,10000,2112.907471,33.721367820,0.002602,13568152,82126756
membench,3,pmem,rnd,10000,2098.291016,33.738152218,0.002602,12926684,81518358
membench,3,pmem,seq_prefetch,10000,39078.222656,29.247258545,0.002602,13210879,81262306
membench,3,pmem,pgn_prefetch,10000,45287.597656,29.206853114,0.002602,13444381,81959297
membench,3,pmem,rnd_prefetch,10000,31542.656250,29.293017967,0.002602,12808882,81302107
membench,3,dram,seq,15000,42440.136719,40.667282063,0.003889,13293366,81882390
membench,3,dram,pgn,15000,9873.558594,41.446239499,0.003889,13776483,82636600
membench,3,dram,rnd,15000,9572.006836,41.477880416,0.003889,13145765,81960113
membench,3,dram,seq_prefetch,15000,39574.339844,40.682560754,0.003889,13342495,81920804
membench,3,dram,pgn_prefetch,15000,46321.601562,40.648688241,0.003889,13678708,82575866
membench,3,dram,rnd_prefetch,15000,31623.152344,40.748452764,0.003889,13036077,81908469
membench,3,pmem,seq,15000,42196.226562,42.076679939,0.003888,13016148,81827138
membench,3,pmem,pgn,15000,2116.501709,46.574242358,0.003888,13565266,82668803
membench,3,pmem,rnd,15000,2100.135254,46.594279820,0.003888,12932471,82002040
membench,3,pmem,seq_prefetch,15000,39306.011719,42.104875036,0.003888,13104283,81846338
membench,3,pmem,pgn_prefetch,15000,45866.929688,42.059709814,0.003888,13453895,82520817
membench,3,pmem,rnd_prefetch,15000,31556.492188,42.154373648,0.003888,12817594,81886755
membench,3,dram,seq,20000,37770.769531,53.595973367,0.005178,13383348,82522560
membench,3,dram,pgn,20000,9695.417969,54.329880666,0.005175,13824318,83092552
membench,3,dram,rnd,20000,9359.754883,54.366042701,0.005175,13215509,82400297
membench,3,dram,seq_prefetch,20000,35746.203125,53.575813554,0.005175,13505537,82498781
membench,3,dram,pgn_prefetch,20000,40484.847656,53.542148466,0.005175,13753720,83086621
membench,3,dram,rnd_prefetch,20000,29015.701172,53.641486487,0.005175,13104712,82392478
membench,3,pmem,seq,20000,37939.148438,54.970879335,0.005174,13023681,82311368
membench,3,pmem,pgn,20000,2105.608398,59.461217994,0.005174,13574421,83120938
membench,3,pmem,rnd,20000,2090.886230,59.482406858,0.005174,12925065,82382691
membench,3,pmem,seq_prefetch,20000,35382.449219,54.997646939,0.005175,13210423,82359751
membench,3,pmem,pgn_prefetch,20000,40516.832031,54.959352924,0.005175,13464017,82950118
membench,3,pmem,rnd_prefetch,20000,28760.837891,55.047832161,0.005174,12836014,82339608
