exec,run,node_kind,access_pattern,spinloop_iterations,throughput,seconds-time-elapsed,cache-misses,L1-dcache-load-misses,L1-dcache-loads,LLC-load-misses,LLC-loads,LLC-store-misses,LLC-stores,l1d_pend_miss.pending,l1d_pend_miss.pending_cycles,l1d.replacement,l1d_pend_miss.fb_full,sw_prefetch_access.nta,sw_prefetch_access.prefetchw,sw_prefetch_access.t0,sw_prefetch_access.t1_t2,branch-misses,branches,cpu-cycles,instructions
membench_base,1,dram,,,,0.001195294,700,9573,138104,144,,,,,,,,,,,,,,,
membench_data_init,1,dram,,,,1.008098856,1901789,50650603,1351406023,105551,209083,1411342,2016156,255769886,50955247,51529023,110068093,0,1012,0,0,16720,811876164,3867551123,6750383472
membench_pregen_init,1,dram,,,,1.631464320,2616504,70401861,2259222859,147038,294495,1938348,2817710,69035918,31296389,70459049,144350798,0,1388,0,0,21998,1415744555,6316400424,11557130010
membench_base,1,pmem,,,,0.001449249,683,9785,138130,156,,,,,,,,,,,,,,,
membench_data_init,1,pmem,,,,1.150889228,1919632,50863923,1351386557,462194,665830,6957,1920996,46440755,13707725,52340580,109659752,0,992,0,0,16486,818076498,4462747629,6725133127
membench_pregen_init,1,pmem,,,,1.842642581,2648317,69913555,2254075656,146473,749222,19935,2822801,139241167,31673572,70292593,145681881,0,1395,0,0,24868,1417165248,7147930869,11570577180
membench,1,dram,seq,0,38624.000000,5.804452631,103125061,170244008,7552042375,171080,484531,2008461,2904482,481157758,198423007,171213625,150857931,0,5879,0,0,46786,5222773479,22522329398,31503510607
membench,1,dram,pgn,0,9893.000000,13.313961512,107406901,176642202,7766579406,98768706,100911959,2003240,2959999,31191380039,31116863659,176663082,145185372,0,1373,0,0,69083,5303697615,51694192164,31930776978
membench,1,dram,rnd,0,9592.000000,13.649176099,101159112,170823384,8253353048,98148615,100296224,2000309,2889494,31212587670,31133228163,170867276,150583610,0,5919,4822,0,85724,5803101804,52996391567,35202917729
membench,1,dram,seq_prefetch,0,36900.000000,5.918237273,104657335,171754688,7752696351,167165,470657,2015393,2888393,249692882,190287698,169909382,145838455,100135141,3721,0,0,47462,5221969431,22981974235,31900102697
membench,1,dram,pgn_prefetch,0,20214.000000,8.166512335,109652117,176322464,7949641029,246640,450636,2006626,2890613,12225752664,11941457933,178613275,150881035,99654230,4670,0,0,54612,5308227150,31694262090,32340232918
membench,1,dram,rnd_prefetch,0,17689.000000,8.856597238,103049680,170563717,8446498342,159919,362816,2017009,2836263,13346900217,13300237828,171745508,145126158,99898319,5983,0,0,61808,5814317893,34396717169,35671515731
membench,1,pmem,seq,0,37509.000000,6.096334324,103026551,169631994,7554063216,576332,1181128,17451,2943786,560401745,521703615,169798526,149939377,0,1400,0,0,48392,5226418398,23677303306,31549274533
membench,1,pmem,pgn,0,2422.000000,44.716733693,107345105,179115663,7763849902,236998,100444017,71848,3080690,152502887262,152261804367,180311255,144427899,0,1611,9,0,192065,5313148993,173760098528,31967212650
membench,1,pmem,rnd,0,2300.000000,46.931888312,101027164,170331035,8250355690,261188,100392168,87460,2977000,159688554753,159602995946,174034184,147433630,0,1482,950,0,221451,5825982024,182443113906,35330190606
membench,1,pmem,seq_prefetch,0,35100.000000,6.316240727,103573625,170363681,7770628466,669246,1127106,23614,2957320,826135579,764038202,170768671,144583905,99806774,1402,0,0,65026,5209874979,24532904812,31987017798
membench,1,pmem,pgn_prefetch,0,4974.000000,23.554555713,110645718,178432363,7955725173,197238,490047,46444,2937053,70995225580,70878406134,178508635,151343658,99919742,8467,0,0,108753,5304572783,91495592785,32272662275
membench,1,pmem,rnd_prefetch,0,4800.000000,24.241924173,104161099,173210258,8485415752,700228,409951,50606,2895150,72473709969,72404104956,170733928,142324101,100101179,1382,0,0,122893,5810174679,94243801521,35762736028
membench,1,dram,seq,200,40064.000000,11.047150151,102798664,169768684,7552981154,175418,682262,1993108,2974312,430938022,144759338,172179511,144187991,0,4974,0,0,100441675,25279120157,42878253111,111727516399
membench,1,dram,pgn,200,9705.000000,18.852166526,107463004,178092681,7752031544,98844709,101025045,1983471,2944920,31762209649,31680118526,177946374,149706289,0,5216,0,0,100355675,25343495249,73175752686,112032320432
membench,1,dram,rnd,200,9571.000000,20.217392230,102449760,172051164,8258233644,98819804,100460505,2042883,2995050,31327797220,31249191656,171457049,149715816,0,4018,0,0,100288666,25838290792,78499119487,115297848473
membench,1,dram,seq_prefetch,200,38255.000000,11.163909373,104418620,171631732,7756487998,153041,657459,2001555,2961992,175618104,103180427,170802262,149777542,99925416,2838,0,0,100536646,25267711047,43345925853,112034658040
membench,1,dram,pgn_prefetch,200,34376.000000,11.439662449,109410115,176989639,7950324440,174111,379366,1973397,2831561,3117492900,3065056676,177689281,150206198,99783899,5458,3015,0,100438595,25374505901,44416946784,112602546295
membench,1,dram,rnd_prefetch,200,25207.000000,13.059218576,103938042,170456810,8452509564,148210,359858,2016749,2875934,3112509363,3056420356,170791476,148782368,99965238,5029,0,0,100419857,25788650291,50699334227,115540724237
membench,1,pmem,seq,200,38759.000000,11.359546716,102970759,169183832,7564530934,174207,668986,37539,2974463,560980688,488251083,172200383,144714529,4,7478,0,0,100509220,25292221880,44122094500,111825178014
membench,1,pmem,pgn,200,2474.000000,49.155616665,107400075,179554664,7785250543,265480,100308886,89287,2914832,148881835383,148785463110,178335516,143154479,0,1405,1832,0,100227314,25324750974,191048677410,112071313917
membench,1,pmem,rnd,200,2460.000000,50.541275899,102451450,174300937,8279490191,781251,100322155,88174,3002327,148678692427,148634133470,173339342,148137565,0,1947,4,0,100292621,25825020726,196466813221,115327556335
membench,1,pmem,seq_prefetch,200,36036.000000,11.541542441,104339461,170532685,7767526512,176139,667760,32173,3175336,772359757,691558478,170069078,143614356,100364817,1394,0,0,101095746,25256435393,44837489128,111995300439
membench,1,pmem,pgn_prefetch,200,5725.000000,26.213358401,110614211,179222710,7971000936,206133,439567,51661,2974470,60392209825,60346670843,177870367,147985235,100151399,2098,0,0,100251630,25330215268,101888747885,112437270718
membench,1,pmem,rnd_prefetch,200,5625.000000,27.231236184,102753485,171596932,8469560666,209331,877610,61168,2992206,60462387373,60416783353,171173756,142820843,100243859,1407,0,0,100297958,25834567018,105837791458,115664582098
membench,1,dram,seq,400,40144.000000,16.199723406,102720644,170308956,7552437562,711643,1456675,1993758,2937195,180892885,98855907,170898764,149369616,0,5170,0,0,100364389,45302328572,62876818892,191763223238
membench,1,dram,pgn,400,9845.000000,23.853591298,108708155,178522203,7744839439,98402471,100412393,1988684,2934263,31273977620,31209292470,178494075,151505368,0,2255,0,0,100316938,45356068615,92654675488,192053450703
membench,1,dram,rnd,400,9502.000000,25.444548806,100952770,170686365,8259784905,98354309,100366664,2020644,2977629,31666778829,31602630682,171950910,149226193,0,1841,0,0,100283160,45820791369,98808901880,195280137681
membench,1,dram,seq_prefetch,400,38008.000000,16.329691178,104404213,171291876,7756265470,149412,752929,1990606,2974395,175516711,101675180,170499721,149515418,99972200,5837,0,0,100339071,45274628278,63420466676,192103007237
membench,1,dram,pgn_prefetch,400,37023.000000,16.391979354,109206362,177029369,7963268007,174219,415465,1995434,2896614,2323483263,2265740808,177515274,148713448,100006930,2855,6658,0,100268112,45393876061,63625173444,192664356535
membench,1,dram,rnd_prefetch,400,26903.000000,18.075845677,104058148,170927532,8445935382,149177,385258,1990456,2893890,2178176295,2123551884,171581709,148814265,99942502,3321,23,0,100265200,45823978941,70106123644,195677320366
membench,1,pmem,seq,400,39184.000000,16.457274837,102728272,171231304,7584432267,194831,772400,40278,2953452,438613834,353160373,172255573,143154966,0,1393,0,0,100194096,45247628564,63934476175,191669361842
membench,1,pmem,pgn,400,2472.000000,54.344313076,108804563,181011946,7785499201,839115,100373122,96534,3026387,148948816205,148885508674,179169640,147586687,0,1420,33,0,100262756,45330173885,211247392712,192065299224
membench,1,pmem,rnd,400,2463.000000,55.699325251,102467389,174476626,8282488876,286334,100431072,98748,3022655,148612091929,148546003582,172687360,143133125,0,1401,9,0,100247187,45814528948,216529076188,195297780852
membench,1,pmem,seq_prefetch,400,36603.000000,16.635676489,104436451,171612799,7782297991,187926,770364,36157,2976877,597368841,514053066,170100935,143184851,100183062,1376,0,0,100223952,45245548843,64642501674,192046644781
membench,1,pmem,pgn_prefetch,400,6719.000000,28.781569873,109302867,177459857,7961312711,213589,447171,55423,2991872,50429804841,50349152048,178910890,146201360,100072227,6151,4850,0,100239359,45342636383,111889712384,192516788090
membench,1,pmem,rnd_prefetch,400,6552.000000,29.835544603,102831912,171772978,8466834514,212698,421112,57830,3001868,50559528051,50545441025,171697249,148706702,100116338,1415,3000,0,100307607,45856139809,115968411945,195740559470
membench,1,dram,seq,600,40241.000000,21.342734911,103209539,170869731,7561775885,181779,758778,2031375,2974662,151991265,72464972,171555833,149137088,0,3844,23,0,100248150,65275254253,82871192089,271710283194
membench,1,dram,pgn,600,9706.000000,29.169518160,108708839,177457178,7753880523,98475293,100296292,1996979,2948224,31751381829,31685598283,178526761,149100271,0,5967,75,0,100272352,65361423433,113211149663,272129733647
membench,1,dram,rnd,600,9577.000000,30.497558483,100998497,170390350,8250335423,98521208,100373305,1960504,2882651,31541992558,31265090609,172809050,152201693,0,3617,9,0,100260857,65864447271,118331452806,275373581995
membench,1,dram,seq_prefetch,600,38255.000000,21.489009979,102974913,170277169,7749094129,154512,756394,1971675,3007823,151692740,69445375,171979617,149985348,99885775,1542,6595,0,100261464,65299401796,83377548125,272306536820
membench,1,dram,pgn_prefetch,600,39603.000000,21.352028330,110630263,178862796,7964700430,487255,419255,2030507,2935509,1615927928,1557122958,177832806,149571354,100000988,4364,0,0,100300734,65411422924,82943303932,272602159797
membench,1,dram,rnd_prefetch,600,27995.000000,22.996397579,102602238,170780807,8441424797,140883,375746,2004054,2930675,1574847013,1521810816,172073742,149728598,99984689,4806,7981,0,100304418,65902593713,89309158948,275663177239
membench,1,pmem,seq,600,39525.000000,21.589399869,102828135,172090568,7572482726,727036,1457531,54576,2979900,390927464,292424093,170316120,145790752,0,1377,19,0,100241244,65284845680,83903742113,271743631400
membench,1,pmem,pgn,600,2476.000000,59.447952729,107482627,179818801,7776133824,840655,101075025,102526,3046847,148671001701,148565033122,179623456,145546114,0,6813,9,0,100331169,65339563125,231096025961,272135464441
membench,1,pmem,rnd,600,2465.000000,60.820005263,101078677,173358639,8279631022,292687,100458280,112927,3007093,148685958688,148406304629,172908729,142782495,0,1377,0,0,100235582,65815051416,236434709636,275272627422
membench,1,pmem,seq_prefetch,600,37313.000000,21.745607629,103478130,170053475,7771695565,740291,1427648,53739,3085108,502758268,408420551,172049216,145930254,100032783,7541,0,0,100291567,65315242568,84513632354,272203146689
membench,1,pmem,pgn_prefetch,600,8106.000000,31.385689315,110647496,179926888,7973660468,216211,453699,59189,3005768,40500560757,40435523740,177764441,143666661,100126301,1386,0,0,100241788,65373169137,122005877885,272512176647
membench,1,pmem,rnd_prefetch,600,7864.000000,32.374053184,104231021,173462481,8469546222,470075,431342,62791,3020141,40674466304,40619456485,171772859,145300265,100107549,1386,0,0,100261326,65865407612,125846330623,275727898097
membench,1,dram,seq,800,40404.000000,26.480960000,102647842,171369339,7563647236,183339,828652,1992537,2917461,233890676,115680841,173349181,144629631,0,5155,0,0,100254075,85315425789,102828867602,351845379062
membench,1,dram,pgn,800,9733.000000,34.281272204,108684940,178960646,7751933811,98993850,100315047,2026035,2947234,31677061193,31617373730,178805899,150085388,0,5709,0,0,100290946,85384801541,133135239346,352186719685
membench,1,dram,rnd,800,9589.000000,35.616273731,100937286,171219327,8254488085,98416112,100333053,1997609,2938278,31294701766,31235954072,172632522,152409764,0,2525,6606,0,100220637,85877601188,138355496794,355480645239
membench,1,dram,seq_prefetch,800,38211.000000,26.630590959,103005472,171211886,7759678128,157154,797267,2019245,2972822,431031798,118843135,173463402,148930832,99968827,5786,0,0,100292929,85322954306,103409103038,352285592319
membench,1,dram,pgn_prefetch,800,43066.000000,26.304391626,109189657,177031505,7949993425,688724,1089240,1990061,2925853,858661411,803851653,178683374,151738201,99884131,6110,9,0,100304385,85452054846,102185234423,352823404206
membench,1,dram,rnd_prefetch,800,29120.000000,28.032779061,103972812,171115495,8473165123,154465,409299,2001864,2954051,1030319282,969546138,172282943,149015390,99919287,2003,0,0,100178909,85784707980,108880920466,355382829383
membench,1,pmem,seq,800,39856.000000,26.709404666,102803799,171847531,7591884202,232904,855654,57457,2916365,566501012,247365348,173260125,145602180,0,1345,0,0,100175781,85261044954,103793473612,351669515625
membench,1,pmem,pgn,800,2475.000000,64.586724953,108887662,180525193,7779460336,308464,100414754,110596,3049397,148800831960,148710028547,179661950,142865643,0,1438,33,0,100262018,85329782119,251076456047,352092152688
membench,1,pmem,rnd,800,2456.000000,66.129222459,101113241,173808455,8292266758,808682,101024543,121494,3057710,149028331387,148960456121,173287802,147828946,0,1377,23,0,100321295,85837481139,257061171018,355412102795
membench,1,pmem,seq_prefetch,800,37721.000000,26.873399974,103316337,170444672,7752334611,224233,792667,57121,3105424,367880147,271676003,172887921,147514095,99846409,5497,5126,0,100289277,85327339372,104446738814,352301974733
membench,1,pmem,pgn_prefetch,800,10200.000000,34.013944076,109395508,177366279,7952916658,228054,463965,66071,3013738,30728351644,30642921768,179965569,149970222,99897320,6704,2714,0,100260057,85415565512,132213484676,352720663896
membench,1,pmem,rnd_prefetch,800,9803.000000,34.992907679,102816520,171881911,8469699681,226505,438712,63319,2992409,30896969964,30825152153,173900578,143708898,100068541,1359,0,0,100240353,85868480612,136021564222,355770809687
membench,1,dram,seq,1000,40404.000000,31.633253527,102584584,171225317,7544540369,405389,1155012,1992290,2927311,105524708,43644529,172497282,150261710,0,2817,33,0,100273691,105332306087,122862375840,431847350878
membench,1,dram,pgn,1000,9704.000000,39.468587691,107295618,177902502,7753862812,98488545,100328598,2006804,2965632,32115614975,31825380692,180001989,149675142,0,5617,0,0,100292168,105410724170,153243185049,432332787736
membench,1,dram,rnd,1000,9469.000000,40.892621411,100992058,172881224,8262856792,98933170,100939431,1997229,2936638,31819799299,31748066876,173370474,150754009,0,3111,0,0,100267940,105879575382,158868009155,435516937739
membench,1,dram,seq_prefetch,1000,38461.000000,31.747652699,102978594,170821532,7747545264,154828,435296,1992308,2918403,97830065,39649529,172578634,152070746,99913250,2273,4908,0,100274651,105306065858,123344661049,432248890971
membench,1,dram,pgn_prefetch,1000,43956.000000,31.425183160,109169206,177697248,7963380736,174731,436364,2022391,2924198,678804257,658894335,180498355,149498559,99946836,1578,0,0,100274275,105415222542,121970600959,432727524251
membench,1,dram,rnd_prefetch,1000,30057.000000,33.085197341,102592721,170905193,8456990545,153825,418900,2004102,2880418,877334401,593894696,174903039,151053564,100119588,2148,0,0,100272619,105901351869,128550697452,435733216391
membench,1,pmem,seq,1000,40436.000000,31.835771487,104156273,173048135,7564920148,216726,454440,65593,3022549,139106916,62007497,172192858,149889375,0,1381,0,0,100353539,105300230006,123745673443,431721592253
membench,1,pmem,pgn,1000,2477.000000,69.722758674,107536303,179993337,7771305633,320062,100448562,120174,3109279,148927570309,148598565593,182949978,147023999,0,9043,0,0,100306907,105358839364,271049114218,432084204661
membench,1,pmem,rnd,1000,2464.000000,71.174140656,101176636,173426181,8257111478,324836,100460837,121954,3136666,148550399471,148439094106,176846113,149457415,0,7691,1534,0,100365720,105847769132,276690482178,435381813992
membench,1,pmem,seq_prefetch,1000,38138.000000,31.990575824,104700715,172427789,7769773192,221797,453249,59701,3031538,198151878,122429661,172995017,146948390,99933231,14190,0,0,100321173,105339156644,124346176177,432181204959
membench,1,pmem,pgn_prefetch,1000,13738.000000,36.624733183,110712817,179595027,7960967038,231277,471085,70095,3065638,20958706368,20876038124,178638882,146658608,100065697,7825,0,0,100249734,105386976813,142374128061,432611000993
membench,1,pmem,rnd_prefetch,1000,13102.000000,37.705751135,102866790,171673679,8457126515,762086,1114535,69533,3066930,20802002308,20721466177,173781835,147355418,100035718,5620,0,0,100309177,105907534748,146583303667,435921140938
membench,1,dram,seq,1200,40355.000000,36.804666898,102620278,171251751,7554425907,159652,981685,2023504,2896331,181276192,55771360,172334607,147014446,0,2523,9,0,100277598,125332477800,142880706110,511890736086
membench,1,dram,pgn,1200,9707.000000,44.604635594,108672324,180046166,7766747003,98477991,100337241,2017488,2965887,31757449893,31689901135,179522677,149875032,0,2265,0,0,100321479,125392475590,173268206125,512232752170
membench,1,dram,rnd,1200,9596.000000,45.925650899,100948411,171678752,8254778823,98429816,100556156,2009409,2963502,31434406037,31216715818,173243770,152440613,0,5531,0,0,100292196,125903958912,178411720423,515532427503
membench,1,dram,seq_prefetch,1200,38461.000000,36.901000734,102998792,171684673,7760039393,158274,460117,2002832,2933347,101959437,41193740,174445146,150275311,99957786,2395,622,0,100281802,125320417810,143319941496,512266328261
membench,1,dram,pgn_prefetch,1200,45641.000000,36.492927015,109159568,177992022,7965459312,681975,1107796,2019175,2962789,310648287,248173046,178977398,149777522,99945831,5668,33,0,100316619,125459859016,141699575193,512828197210
membench,1,dram,rnd_prefetch,1200,30665.000000,38.205271028,102612044,171861930,8451885757,152844,440555,1984184,2928329,276849620,216397907,173026291,149872943,100034081,1951,6301,0,100270627,125930204753,148375714801,515679384007
membench,1,pmem,seq,1200,40420.000000,36.998249030,102955380,170113941,7575932277,225124,448175,69997,2915558,136576510,60045692,173450273,147315220,0,5649,9,0,100275731,125305645357,143802486726,511733294173
membench,1,pmem,pgn,1200,2477.000000,74.856501813,108929991,181544766,7775612411,874794,100475202,126401,3104460,148552298636,148446404482,181473173,145296995,0,4212,0,0,100333336,125362876423,291000147069,512104407804
membench,1,pmem,rnd,1200,2459.000000,76.368785286,102531488,175292022,8282844551,328709,100462880,129657,3079812,148857827284,148783404798,174228373,147306445,0,1386,0,0,100355017,125830273216,296872772752,515356551391
membench,1,pmem,seq_prefetch,1200,38461.000000,37.108326861,103312791,171786092,7736277995,235461,458205,78344,3172837,433438853,127807155,173439900,148752409,99981903,8506,0,0,100329762,125331735701,144243602830,512270640976
membench,1,pmem,pgn_prefetch,1200,20855.000000,39.270160752,109265948,179300226,7995096388,239198,473745,69425,2906813,11163604374,11078220595,178371699,143563569,100057601,1452,7551,0,100197311,125351958676,152651750662,512605487241
membench,1,pmem,rnd_prefetch,1200,18971.000000,40.448717005,102825203,172429306,8470119166,243728,1120278,82005,3037689,11230744320,11158894484,172311592,143112672,100095367,1378,0,0,100232379,125873329093,157241208778,515748572844
membench,1,dram,seq,1400,40371.000000,41.921958469,102570938,172540844,7577517608,167144,451418,1983271,2881645,101459879,41366258,173389067,141554782,0,1454,9,0,100283164,145291613199,162822646535,591743178206
membench,1,dram,pgn,1400,9688.000000,49.767567525,108639289,178721819,7760884553,98476116,100379243,1999407,2985509,31912129277,31835553651,180023976,150341180,4,1595,0,0,100301133,145387914333,193361677661,592224186267
membench,1,dram,rnd,1400,9488.000000,51.188514610,100908938,172157723,8265528340,98400758,100374859,2003249,2967610,31759341034,31693409463,175350259,149813042,0,2176,9,0,100298715,145869439288,198861562034,595403088278
membench,1,dram,seq_prefetch,1400,38461.000000,42.043380683,103012879,171773387,7758632274,731135,1174229,2008266,2980218,100706682,39722715,173509289,151276833,99970974,3753,0,0,100267051,145335388523,163351464194,592321348006
membench,1,dram,pgn_prefetch,1400,46446.000000,41.577711190,110544840,179949268,7971840690,754645,472851,2003774,2953129,161234102,99133935,180025659,150645672,99968601,4189,0,0,100283485,145443437990,161534967606,592809452188
membench,1,dram,rnd_prefetch,1400,30978.000000,43.270475239,102554093,172072360,8454885210,153097,455864,1977595,2961760,406874696,125607704,175267007,149769634,99950580,5066,0,0,100307756,145917097361,168136570497,595610789640
membench,1,pmem,seq,1400,40387.000000,42.135356551,102871145,171679792,7569093973,233551,462856,80862,2976646,425334243,115101093,174376290,149670604,4,1364,0,0,100282880,145322167214,163785875368,591883444440
membench,1,pmem,pgn,1400,2476.000000,80.015005875,108958666,181055809,7782919922,348575,100490530,135885,3086762,148722819964,148615670023,180958410,143099754,0,1386,0,0,100352643,145347499095,311065294866,592123066814
membench,1,pmem,rnd,1400,2463.000000,81.412561347,101212688,174160450,8277096612,426491,101101423,138540,3085596,148602928209,148489264820,175620465,146211611,0,4974,28,0,100363227,145861151485,316493752997,595416613577
membench,1,pmem,seq_prefetch,1400,38461.000000,42.247416530,104686633,173463435,7772258389,231857,467363,80508,3001027,141866017,60801640,172672620,148964164,100059744,1367,0,0,100298575,145308601205,164225691626,592132805859
membench,1,pmem,pgn_prefetch,1400,36153.000000,42.392802863,109491898,179130142,7985603600,246626,536016,76323,2946458,2846864312,2759920297,178054742,143086912,100067596,1386,0,0,100237058,145340778279,164799900150,592521550699
membench,1,pmem,rnd_prefetch,1400,27137.000000,43.936170284,102765551,172290184,8468292290,784221,1147815,78886,3037163,2418427536,2335251355,172481049,143583966,100129821,1382,9,0,100343657,145999400620,170799029383,595813816502
membench,1,dram,seq,1600,40355.000000,47.078570256,102610136,172149099,7557421806,164376,463607,2017962,2952619,210710564,97188924,174913643,150083689,0,5784,0,0,100319953,165339412491,182906026725,671875723524
membench,1,dram,pgn,1600,9745.000000,54.844190817,107274113,179374255,7783619057,98459509,100368024,1986778,2958893,31730217775,31667057678,179320597,143467148,0,1438,6332,0,100275916,165389494601,213092014304,672213431016
membench,1,dram,rnd,1600,9490.000000,56.344046773,100913346,172388955,8259951432,98390609,100383622,2013847,3015627,32044797878,31760640680,176036087,143741580,0,4343,0,0,100313212,165877525609,218926028744,675398952364
membench,1,dram,seq_prefetch,1600,38461.000000,47.182344123,104343532,173049233,7768849259,155157,454233,1963711,2918768,102596620,41273877,172828982,142858379,100057291,1372,0,0,100281947,165275313477,183311365520,672091478379
membench,1,dram,pgn_prefetch,1600,46882.000000,46.707536356,109091600,178761164,7972765138,180367,497369,1988526,2928253,115787624,52179132,181097330,146178083,100001435,2371,912,0,100256286,165418159974,181454310536,672766868816
membench,1,dram,rnd_prefetch,1600,31084.000000,48.401136998,103985089,173910816,8462672156,156249,460655,1989477,2945584,106156361,43302380,173087342,143336410,100034709,1386,0,0,100309962,165898795678,188061288163,675493743372
membench,1,pmem,seq,1600,40420.000000,47.273536044,104293524,174312886,7599544202,767507,475501,83364,2965062,150567375,66186836,171713308,144080795,0,1382,0,0,100304211,165286787726,183746819236,671624382100
membench,1,pmem,pgn,1600,2475.000000,85.199135633,108192477,182625257,7789046058,872195,100873950,146399,3081347,148896495596,148782195197,181920508,144329737,0,2346,0,0,100390984,165373155561,331217940103,672196142228
membench,1,pmem,rnd,1600,2465.000000,86.581558285,101205026,175094353,8288373154,572397,101157791,146237,3111377,148496424808,148408093704,174748103,143214247,0,2028,0,0,100397353,165853679793,336586865108,675365137400
membench,1,pmem,seq_prefetch,1600,38461.000000,47.379401243,103310725,173295992,7802225801,246105,477377,84378,2905248,417868513,109993176,174291193,144643434,100033502,1368,0,0,100207421,165269146117,184180618596,672075614180
membench,1,pmem,pgn_prefetch,1600,41186.000000,47.193846731,110680233,180978371,7991070124,414080,507110,85760,2948826,1310968767,1221796276,178464313,142980163,100045948,1391,0,0,100254646,165373516994,183456423450,672525139243
membench,1,pmem,rnd_prefetch,1600,29061.000000,48.897178421,102855377,172927471,8467798669,261704,481124,90442,3014201,1410632431,1100045946,174112582,143294325,100039416,1378,0,0,100303751,166043909586,190090570036,676137630769
membench,1,dram,seq,1800,40420.000000,52.228638363,102564829,172426939,7556348372,691851,1144516,1995880,2975569,113636698,47185416,173914832,152009571,0,3458,0,0,100343012,185334034152,202904967907,751896906274
membench,1,dram,pgn,1800,9690.000000,60.060232824,107248394,179570485,7780673888,98973259,101033844,2033539,2940765,31826265308,31754724284,179766395,144337492,0,2104,0,0,100327294,185405815371,233322830179,752260544881
membench,1,dram,rnd,1800,9584.000000,61.382622010,100949441,173433152,8274412817,98389481,100360700,1986963,2984939,31395363027,31338495721,173350999,142796929,0,1410,6649,0,100315465,185899211301,238486213421,755551063904
membench,1,dram,seq_prefetch,1800,38550.000000,52.321719774,103018904,172859407,7770922829,158546,470934,1999523,2919932,104552498,92101989,174784228,144581424,100012761,1416,14,0,100313454,185323231927,203314415141,752278225832
membench,1,dram,pgn_prefetch,1800,46598.000000,51.851209078,109146483,180334880,7976820151,688412,1152983,1959527,2920870,112263372,49330940,178714218,141931339,100065545,1377,0,0,100286218,185399456297,201479977111,752638746732
membench,1,dram,rnd_prefetch,1800,30998.000000,53.413585119,104020829,172849943,8472391882,155510,473607,2010244,2945517,104109539,41455477,173128568,144025499,100047922,1396,9,0,100280375,185834436454,207542117130,755632804321
membench,1,pmem,seq,1800,40453.000000,52.429072534,104310104,172816041,7567097048,251862,481989,92822,3021210,165432131,73181134,173819111,150452141,4,4349,9,0,100311810,185288117721,203800827987,751749873504
membench,1,pmem,pgn,1800,2476.000000,90.331421603,107580746,182089825,7792794199,375945,100526519,150197,3089907,148836904431,148721425222,180884691,143644891,0,1482,4504,0,100432659,185364422151,351165129130,752175384765
membench,1,pmem,rnd,1800,2454.000000,91.901184266,101316723,174478461,8281171304,585845,101155039,152222,3212675,149204354939,149078444100,177384023,150267448,0,3244,0,0,100400669,185817593615,357270895524,755283884068
membench,1,pmem,seq_prefetch,1800,38565.000000,52.517991396,104765623,175115896,7804196401,781289,488780,94616,2905376,157849303,67490753,172415672,144660389,100032920,1372,0,0,100280072,185271855319,204150315983,752092204915
membench,1,pmem,pgn_prefetch,1800,43649.000000,52.216791598,110594077,180584305,7983645640,806312,565745,95653,3031351,751781989,655939610,179962901,149960822,100051692,4327,0,0,100280425,185414188466,202982234981,752767712164
membench,1,pmem,rnd_prefetch,1800,29770.000000,53.906688817,102839713,172869183,8469831836,276717,501981,102956,3043480,1039386050,726922339,173767585,143409341,100080913,1368,0,0,100300345,185882959870,209563928927,755631348283
membench,1,dram,seq,2000,40322.000000,57.377160027,104006502,175269225,7588746796,162534,490217,2011545,2974530,114522679,50182675,173402432,142987038,0,1420,33,0,100324039,205308993722,222905837612,831708145949
membench,1,dram,pgn,2000,9749.000000,65.141357690,107248309,180110493,7778759887,99042602,101124650,1997476,2956026,31630930019,31560838703,180543990,149505534,0,2071,0,0,100321578,205415463277,253103726912,832322829785
membench,1,dram,rnd,2000,9549.000000,66.527786715,100923563,173293634,8270420894,98407619,100432606,2016648,3051492,31795878238,31505131685,176547708,149868926,0,2703,9,0,100334817,205923435230,258507702125,835602289814
membench,1,dram,seq_prefetch,2000,38505.000000,57.484076165,102959813,172859891,7758063579,156742,486162,1976225,2959350,388842306,96496200,176153981,151759037,99974378,3307,0,0,100352058,205341459264,223358152347,832252718437
membench,1,dram,pgn_prefetch,2000,46728.000000,57.015290232,109086470,179412092,7960087788,713774,1209337,1987045,2998724,120839154,53340344,180748842,150317377,99974348,4632,23,0,100342120,205442992493,221540257358,832848900460
membench,1,dram,rnd_prefetch,2000,31036.000000,58.618291244,102648650,172545467,8457859442,155884,493222,2027046,3016624,389140538,96486497,174932281,150203375,99955429,2466,0,0,100317588,205924069893,227768927296,835972125151
membench,1,pmem,seq,2000,40338.000000,57.579920607,102998297,173145535,7580193308,270471,508165,104902,3058207,171268904,77645900,173233616,143234094,0,1424,5748,0,100315553,205310677326,223827430500,831892341289
membench,1,pmem,pgn,2000,2474.000000,95.483555015,107613815,182428971,7806145399,390433,100566109,158150,3018724,149219984218,148873249006,183614979,144833373,0,1392,0,0,100400669,205345850348,371200626749,832140884645
membench,1,pmem,rnd,2000,2461.000000,96.937440498,101237856,175349500,8287982387,386874,100558254,164292,3100453,148747556121,148652207618,176974632,144298926,0,1439,1824,0,100438253,205876531614,376848970440,835470217185
membench,1,pmem,seq_prefetch,2000,38535.000000,57.702282004,103524922,171584327,7761430542,496481,1123334,103074,2818518,166394255,73233440,173887763,151611032,99956438,5464,0,0,100377141,205395433519,224317779817,832409640023
membench,1,pmem,pgn_prefetch,2000,44843.000000,57.330500692,109424311,178914252,7954940478,275929,523335,108033,3056908,832062283,501852470,181879827,152836285,99962008,2209,23,0,100338811,205470774408,222873661067,832967943686
membench,1,pmem,rnd_prefetch,2000,30404.000000,58.987465411,102828562,173505480,8486267753,788374,1150351,106622,3060876,473090547,375925366,173244655,142644961,100079863,1372,0,0,100264068,205890538503,229314144218,835383803281
membench,1,dram,seq,2200,40404.000000,62.519507157,102561206,173008196,7572475453,162756,512052,1999357,2947940,120007083,52492682,173706378,149639100,0,3205,6323,0,100358569,225337089746,242904371892,911879817723
membench,1,dram,pgn,2200,9836.000000,70.200350049,107274903,180769696,7785390345,98488678,100441938,1998991,2982620,31396700972,31331202623,179979758,143809902,0,1424,6312,0,100313796,225387166254,272763605965,912299347795
membench,1,dram,rnd,2200,9573.000000,71.693519431,100916270,173501337,8271924853,98400293,100466151,2029139,3007886,31706757713,31417554075,176386986,144292765,0,4114,0,0,100362252,225870387555,278548317741,915447181561
membench,1,dram,seq_prefetch,2200,38446.000000,62.631652923,103091485,174754414,7780034977,725488,1231702,1974678,2929809,113894751,47452398,173446732,144292152,100048768,1344,0,0,100347008,225312209794,243342723504,912222861656
membench,1,dram,pgn_prefetch,2200,46794.000000,62.151613904,110132780,180423002,7966866571,182892,538209,1993542,2935056,118209750,53539449,179929351,144359999,100040774,1372,0,0,100326775,225366736965,241489757869,912602924639
membench,1,dram,rnd_prefetch,2200,31026.000000,63.849288369,102603231,174356317,8483581987,694660,1190402,2008236,2970597,111744711,46052474,174230436,142131232,100048817,1377,0,0,100358348,225972590007,248045714794,915610305684
membench,1,pmem,seq,2200,40469.000000,62.738135421,103089922,173196020,7534660895,282326,534018,108569,3075812,190666699,83402992,176729933,155674669,0,5016,898,0,100328753,225360111650,243885263939,911961749417
membench,1,pmem,pgn,2200,2477.000000,100.601150033,107640235,182504679,7786169076,398488,100575152,166685,3103279,148795582799,148683924055,182140951,143686953,0,1652,7570,0,100435898,225356711591,391098245671,912241744733
membench,1,pmem,rnd,2200,2458.000000,102.070815943,102690120,177515062,8294472563,922121,100585130,173473,3135471,148915622385,148785421254,176595541,149311356,4,3961,0,0,100459997,225879856875,396826443363,915461310008
membench,1,pmem,seq_prefetch,2200,38476.000000,62.827366212,103447984,173308537,7786688559,278117,529957,111659,3058346,175741507,77116932,173223182,142888771,100049459,1433,5124,0,100339853,225275400681,244236244095,912217829803
membench,1,pmem,pgn_prefetch,2200,46061.000000,62.383840312,110765902,180965636,7981700202,291890,560609,108200,2927912,318928543,214541828,179305655,148503025,100036698,1362,0,0,100278070,225334314283,242511638786,912515387200
membench,1,pmem,rnd_prefetch,2200,30864.000000,64.029741680,102869591,174381636,8488811983,291978,513958,111493,3019167,292094883,214858298,175142148,143379186,99998762,1378,0,0,100264314,225801837803,248915458009,915394109817
membench,1,dram,seq,2400,40306.000000,67.680868120,102561861,173531163,7572267347,169602,541499,2004310,2984743,125582794,54421991,175837968,149326966,0,4076,1530,0,100300859,245344673991,262975552387,991921793163
membench,1,dram,pgn,2400,9880.000000,75.314213403,108641829,182192185,7793521824,98899125,100470499,2012313,3003280,31109913827,31040758197,181108919,146718939,0,3305,0,0,100368683,245421788525,292598443607,992151276702
membench,1,dram,rnd,2400,9685.000000,76.705606472,100973232,175682341,8281360415,98396318,100772874,1995037,2997215,31095968142,30927227112,173624489,141184449,0,1415,23,0,100336185,245863124883,298066199626,995349771449
membench,1,dram,seq_prefetch,2400,38402.000000,67.782752519,104414450,175378288,7783581061,165474,521604,1992521,2929588,118280843,49326696,173607780,143375582,100048150,1396,0,0,100376120,245274293978,263336820799,992083972626
membench,1,dram,pgn_prefetch,2400,46620.000000,67.308529678,109103269,180014746,7971989513,182725,558401,2011309,2977085,122699723,55636707,180834274,145304272,100009153,2075,6308,0,100331960,245419971032,261504190014,992749673602
membench,1,dram,rnd_prefetch,2400,31007.000000,69.014404335,102664933,175623018,8473323231,677535,1164970,1985687,2965159,113377818,47391590,174323316,141588945,100052841,2218,0,0,100393054,245952199193,268151868243,995908408856
membench,1,pmem,seq,2400,40371.000000,67.867052134,104425685,175627011,7590420029,791865,536729,117249,3043256,193080381,88971475,173230967,143003836,0,1382,9,0,100328137,245308990549,263828891174,991687095099
membench,1,pmem,pgn,2400,2476.000000,105.773084476,107669058,182216170,7785908251,412812,100591659,178223,3159554,148828197183,148708582457,182278955,142877489,0,1377,0,0,100474207,245354461456,411194268231,992135094668
membench,1,pmem,rnd,2400,2455.000000,107.343893049,101388029,174798591,8275242961,403807,100611074,175267,3185301,149260725590,149083983525,179845261,151261515,0,1382,0,0,100441839,245828727862,417309551506,995410188842
membench,1,pmem,seq_prefetch,2400,38461.000000,67.982268859,103486390,173569130,7772933347,291818,531798,113757,3045837,184276335,81946890,175895545,145235152,100013332,4223,2119,0,100298451,245317522286,264278591094,992274768520
membench,1,pmem,pgn_prefetch,2400,46382.000000,67.533937045,109385593,180393406,7985145184,302956,558695,114814,3179896,246087953,142002985,180981102,144578892,100018146,1458,4832,0,100320071,245422660483,262537453933,992801435343
membench,1,pmem,rnd_prefetch,2400,30978.000000,69.247561467,102907113,174365363,8494347068,839879,1209726,116334,3031428,232082254,126840525,173370331,142408504,100053276,1363,0,0,100322514,245852259698,269195415270,995370026601
membench,1,dram,seq,2600,40485.000000,72.822285784,102551137,173386846,7563001318,668092,1167435,2011900,3016574,126550891,55183447,174961046,147953980,0,2745,0,0,100339276,265351089483,282933984193,1071949386811
membench,1,dram,pgn,2600,9859.000000,80.473986010,108709445,182336877,7781242155,98506206,100472231,1988359,3007077,31220776449,31149443989,180944163,142678486,0,1386,0,0,100372429,265366793117,312681846664,1072182968555
membench,1,dram,rnd,2600,9572.000000,82.267767920,100960056,174734311,8272393855,98462868,100480313,1974877,2997792,31430563513,31365712627,177790197,148961792,4,1862,0,0,100368072,265892746058,319630311957,1075601811910
membench,1,dram,seq_prefetch,2600,38446.000000,72.927931741,103030035,174625735,7787488746,166159,547964,2002061,2983275,120566534,50436445,173713196,142571676,100027773,1444,6324,0,100318563,265317992910,283351814562,1072214396508
membench,1,dram,pgn_prefetch,2600,46663.000000,72.464732292,109099945,180654846,7964809546,181865,575103,1976600,3004162,130455027,72345386,183479202,149145032,99980789,3953,0,0,100326570,265440148384,281548854661,1072820523296
membench,1,dram,rnd_prefetch,2600,31046.000000,74.175655441,103996670,176207888,8499522524,671333,542961,1998728,2980704,118978976,49584248,174774001,143217272,100035051,1391,0,0,100361922,265965617846,288211202951,1075824110448
membench,1,pmem,seq,2600,40502.000000,73.013855037,103045607,174082464,7580382702,299527,549926,123454,3068074,199218679,92195565,174043756,148887924,4,3765,6904,0,100358296,265287102537,283833605889,1071881749853
membench,1,pmem,pgn,2600,2474.000000,110.948950811,109079169,182931999,7802372881,420051,100615593,181970,3130828,149000928478,148876119017,182552116,143845924,0,1382,0,0,100439054,265362183847,431329004370,1072137946204
membench,1,pmem,rnd,2600,2460.000000,112.345629010,101301977,176068727,8281920507,414770,101230344,191890,3149128,148797093561,148646096875,177112292,150528577,0,4536,9,0,100503749,265873550950,436764988119,1075562142092
membench,1,pmem,seq_prefetch,2600,38476.000000,73.130919795,103550336,173521027,7775457315,305701,863604,130616,3066542,329277201,110995662,174513124,144402289,100038175,1382,9,0,100316999,265315223799,284306283104,1072300827002
membench,1,pmem,pgn_prefetch,2600,46468.000000,72.666371183,109388128,180548448,8002130862,818550,1208680,123937,2998447,251900812,138523413,180239284,148912169,100042883,1406,0,0,100328087,265400461508,282496895043,1072716288707
membench,1,pmem,rnd_prefetch,2600,30969.000000,74.333074061,102870268,175724231,8488451995,812623,1181120,125894,3064878,236754379,125986465,174647248,142966584,100023347,1382,0,0,100306233,265821315365,288979370607,1075230944727
membench,1,dram,seq,2800,40469.000000,77.954309940,102601278,173858747,7571930903,175057,565266,2032024,2997416,129596389,57811032,174326646,141632365,0,1386,6002,0,100368089,285265552917,302887513421,1151750870046
membench,1,dram,pgn,2800,9779.000000,85.708833884,107239746,180655515,7765951540,98517281,100516366,2001885,3024144,31553192948,31470822569,182163860,151156989,0,5850,0,0,100427408,285379241218,333042026167,1152266505672
membench,1,dram,rnd,2800,9589.000000,87.112121637,100895857,174589070,8276622002,98709523,101138524,2013945,2982633,31350918536,31274415998,175458993,150120657,0,1662,0,0,100411495,285917153962,338500080225,1155560938249
membench,1,dram,seq_prefetch,2800,38491.000000,78.080385674,102978316,174230216,7767029901,157299,551887,1999846,2970914,396563904,102915830,177566739,151273205,99993022,2375,0,0,100434553,285337018621,303397311177,1152299752036
membench,1,dram,pgn_prefetch,2800,46663.000000,77.610777773,109118255,180646882,7974953267,734743,1271148,2002796,3037115,131000493,59251854,181795870,150502257,99983295,1833,0,0,100458734,285453985673,301573752673,1152835202787
membench,1,dram,rnd_prefetch,2800,30998.000000,79.235648603,102612214,173660869,8467395555,159567,551350,1994004,3023847,122154842,52704600,175627747,145448475,99974885,1752,6641,0,100362987,285908116859,307889554012,1155718374027
membench,1,pmem,seq,2800,40551.000000,78.159290424,103148769,174321212,7581519334,308547,561724,133323,3063478,241986877,143165497,177548756,147695810,0,4937,0,0,100402920,285320550407,303841656391,1151920155902
membench,1,pmem,pgn,2800,2472.000000,116.121997336,109101545,184193072,7799286244,549925,100652528,192799,3167367,149150828305,149006443418,183694243,149060333,0,3130,0,0,100505761,285396382433,451440730147,1152150578772
membench,1,pmem,rnd,2800,2458.000000,117.534744980,101354046,176532038,8296450388,440191,100666673,196888,3104760,148969486872,148832084680,179319664,150668822,0,2066,902,0,100520350,285868065533,456921974866,1155397584266
membench,1,pmem,seq_prefetch,2800,38431.000000,78.294434068,103707317,173565841,7782536641,792860,1230429,131605,3054349,208281082,92932100,176175827,151493791,99981764,14432,23,0,100431947,285353857288,304366055578,1152312739483
membench,1,pmem,pgn_prefetch,2800,46641.000000,77.804462484,109420774,180803704,7987865190,332242,594345,129529,3014757,252618955,140596754,180595542,147813696,100036957,1372,299,0,100358214,285360593890,302475230896,1152540604058
membench,1,pmem,rnd_prefetch,2800,30959.000000,79.584224531,102991665,174343501,8426954834,811770,1171252,133049,3066982,248245575,130674341,176955778,157338365,100127642,4959,0,0,100578609,286288496789,309401011247,1155956039460
membench,1,dram,seq,3000,40387.000000,83.106748826,102541073,174633699,7571301761,167766,574464,1960881,2929989,137278752,62118183,177631389,149683568,0,5686,2404,0,100460498,305348559817,322952431167,1231937908032
membench,1,dram,pgn,3000,9813.000000,90.814210388,108715917,183413187,7787041779,98528102,100528097,2015298,3021040,31362053550,31284156415,181998577,149071450,0,4041,0,0,100438560,305422156653,352888088378,1232137856721
membench,1,dram,rnd,3000,9690.000000,92.122330857,100912904,174724952,8275884379,98950249,101205483,2016748,3019513,30951877235,30877639941,175942957,145246473,0,4113,0,0,100430257,305896760227,357988824251,1235546312172
membench,1,dram,seq_prefetch,3000,38476.000000,83.228540299,103056824,173801140,7777067135,725817,1276975,2043790,3063537,133793080,57248168,175474799,151230521,99983630,4009,0,0,100401295,305356317257,323426019831,1232415978023
membench,1,dram,pgn_prefetch,3000,46511.000000,82.765941501,110536315,183010947,8000209860,716665,607025,2005851,3005421,133363230,62007358,181362352,143917292,100046491,1410,33,0,100365659,305408045104,321562034832,1232687675822
membench,1,dram,rnd_prefetch,3000,30988.000000,84.434625796,104082112,176655905,8484950218,664262,559009,2039059,3043408,129704957,56280002,175744692,149106484,100021244,1477,0,0,100433060,305976922789,328057603337,1236212115953
membench,1,pmem,seq,3000,40371.000000,83.317705796,103160681,174716051,7580909532,317735,653240,151139,3075270,457628489,144763316,175473111,150228744,4,1401,23,0,100323548,305339464517,323907917007,1231940585480
membench,1,pmem,pgn,3000,2472.000000,121.269099373,107738402,183534379,7806596477,447274,100652501,200145,3099575,149070252711,148921371301,182692353,147100123,0,1415,5125,0,100513323,305376316979,471438048874,1232217761908
membench,1,pmem,rnd,3000,2459.000000,122.714032821,101373751,177382353,8311123542,457166,100658022,205325,3071250,148984714570,148842936982,176121695,148069699,0,1462,7215,0,100453980,305877168906,477078285899,1235496897278
membench,1,pmem,seq_prefetch,3000,38476.000000,83.412829073,103618052,175711137,7807218075,321396,590861,144149,2956962,215418650,97356414,174062021,149071234,100008420,1444,5431,0,100394504,305282611654,324270313807,1232129795325
membench,1,pmem,pgn_prefetch,3000,46576.000000,82.977022363,110881990,180461505,7970696174,333041,605083,143168,3106332,267363848,144874848,182713144,151603944,99980960,8334,0,0,100372785,305425625895,322588760505,1232775935899
membench,1,pmem,rnd_prefetch,3000,30940.000000,84.751234659,102987457,175564790,8504361671,862774,1240772,145312,2979535,253305167,132152960,174654485,147959230,100030990,1377,0,0,100353456,305773369901,329491818346,1235349098056
membench,1,dram,seq,3200,40436.000000,88.272122200,102585521,174767683,7572468241,171272,595292,2005549,3026305,143537807,113598003,177787904,149600029,0,5626,0,0,100473439,325322702447,342937309411,1311843560722
membench,1,dram,pgn,3200,9867.000000,95.931141033,107290973,181640704,7773288585,98531222,100877409,2061459,3068165,31332619789,31139390701,182592462,145665187,4,3905,0,0,100398494,325418493828,372725538360,1312331983063
membench,1,dram,rnd,3200,9462.000000,97.535906077,100963448,175833447,8290070208,98436468,100562374,1999658,3035099,32185789360,31884831234,178033888,144864415,0,1382,0,0,100433510,325919078544,378971651031,1315511996699
membench,1,dram,seq_prefetch,3200,38476.000000,88.378429367,104507199,176899940,7776030563,169192,601306,2006046,3099559,131543103,57789298,174943992,145026056,100028923,1367,0,0,100722108,325293647410,343384028783,1312126033775
membench,1,dram,pgn_prefetch,3200,46663.000000,87.901445557,109102975,181587697,7974694412,190331,611903,1992570,2967687,134033427,63344707,181482068,144690744,100006050,1434,8755,0,100421752,325399343108,341536046397,1312727784890
membench,1,dram,rnd_prefetch,3200,31036.000000,89.610525053,102681893,176831289,8482214126,695339,1267123,2016555,2993577,129680448,57165142,175769900,145236668,100011943,1382,0,0,100444732,325973204738,348177954306,1316240971347
membench,1,pmem,seq,3200,40502.000000,88.457119257,104569248,176386586,7592373054,334468,603475,148331,3111014,224775074,106840434,175524572,144068167,0,1662,0,0,100404829,325315761969,343885804066,1311736473518
membench,1,pmem,pgn,3200,2471.000000,126.428208775,107755862,184549634,7818303319,463718,100690241,208424,3031582,149275308610,149105027612,184705464,150038586,0,1444,2712,0,100504018,325365012193,491513129454,1312190739769
membench,1,pmem,rnd,3200,2453.000000,127.967316774,101477788,177550503,8316140104,449016,100681347,209550,3136555,149399790803,149232745195,179076438,151041385,0,7109,9,0,100507919,325878667191,497496553063,1315478979056
membench,1,pmem,seq_prefetch,3200,38505.000000,88.570250391,103649694,174770349,7782506340,330297,592125,151323,3081312,408883002,151509762,176949901,148555974,100031139,2561,0,0,100415963,325304695272,344319709969,1312254037677
membench,1,pmem,pgn_prefetch,3200,46707.000000,88.092020726,109458046,182239870,8004639806,926363,1351450,152858,2991793,274076790,147279903,181084155,148822525,100024501,1382,0,0,100418374,325382232823,342458043142,1312642634679
membench,1,pmem,rnd_prefetch,3200,31017.000000,89.887131783,103047118,174162046,8448203535,352586,591335,147928,3062890,265226319,137328835,176596897,151417112,99999578,1970,5119,0,100324803,325604691477,349450793689,1315184488391
membench,1,dram,seq,3400,40485.000000,93.402930880,103947091,176666604,7599449918,707037,634934,2027287,3005130,139057389,63680164,175769894,143435471,0,1386,23,0,100416890,345329930498,362927563402,1391758310837
membench,1,dram,pgn,3400,9928.000000,101.005784971,108403593,183052268,7798009753,99036552,100686446,2010992,3034697,31028126689,30958536411,181750802,144208667,0,1439,0,0,100434782,345402852958,392494466138,1392329533300
membench,1,dram,rnd,3400,9646.000000,102.428907750,100970735,175572572,8282125131,98446846,100576030,2028209,3070792,30976054702,30899685908,176215311,144515518,0,3894,0,0,100461077,345873477077,398021645260,1395456364457
membench,1,dram,seq_prefetch,3400,38402.000000,93.570959745,103671766,175169097,7772108250,898522,1347374,2130027,3032182,218042847,102471609,175979873,152235332,99983876,5225,38,0,100910812,345360797369,363589202543,1392374606213
membench,1,dram,pgn_prefetch,3400,46926.000000,93.036391033,109115717,181297876,7978516557,706473,1297302,2005784,3071782,140111525,65785795,182843023,144751272,100014008,3862,0,0,100448821,345413266488,361501360793,1392736829595
membench,1,dram,rnd_prefetch,3400,31007.000000,94.795006551,103060100,175590096,8487213800,390444,633845,2139353,3047112,481569896,148936847,176098425,148940303,100048707,1401,95,0,100476991,345916838074,368352669226,1395811159164
membench,1,pmem,seq,3400,40502.000000,93.610830349,103247871,174422256,7581159190,360768,631894,149010,3097018,238766041,111925082,177050726,148257739,0,6206,4501,0,100426412,345290320703,363910815119,1391789707351
membench,1,pmem,pgn,3400,2477.000000,131.479291540,109168120,186459113,7808381827,971913,100701081,218401,3164268,148822032881,148671437417,183880156,148190583,0,1405,0,0,100538329,345395068971,511149612904,1392223375647
membench,1,pmem,rnd,3400,2456.000000,133.052054672,101416359,176458826,8272288860,468833,100724732,215530,3064925,149210506039,149040103623,178155387,150692971,0,5138,5106,0,100508237,345869994235,517254946364,1395610407542
membench,1,pmem,seq_prefetch,3400,38446.000000,93.723072899,103727425,174957489,7788411515,737713,1264936,155832,3047358,233010879,110791250,175510743,148746827,100031819,1363,0,0,100439532,345319069317,364347515680,1392258015533
membench,1,pmem,pgn_prefetch,3400,46641.000000,93.247031106,110888759,184147666,8003940192,370946,640777,157596,2990254,282419557,149892538,180880053,146775224,100033052,1386,0,0,100415047,345407798548,362507831918,1392596788637
membench,1,pmem,rnd_prefetch,3400,30959.000000,94.998788985,104444039,177518054,8485765829,888518,599286,157982,3134009,270771306,139207791,177702271,150802838,99999287,13646,0,0,100459694,345937204358,369322661234,1395431692930
membench,1,dram,seq,3600,40371.000000,98.550718879,102591019,176543521,7579931891,177128,641895,1958202,3023474,142025443,65973613,175350423,142058812,0,1343,5731,0,100491353,365267492511,382956551349,1471742750331
membench,1,dram,pgn,3600,9872.000000,106.208446436,107268788,182212603,7780992308,98545506,100605425,2038360,3031601,31150132918,31071923198,184762851,145228899,0,3976,9,0,100484358,365403190786,412714186061,1472298034358
membench,1,dram,rnd,3600,9562.000000,107.795319435,101362865,176518752,8282450300,98652561,100696653,2231344,3116023,31839216325,31489600703,178588228,151715336,0,6095,66,0,100547614,365961178527,418866044161,1475693054418
membench,1,dram,seq_prefetch,3600,38476.000000,98.665227049,103057750,175755782,7790238746,471060,1274043,1977548,3002830,137177749,62219246,175687694,143606388,100033073,1387,38,0,100455715,365314638030,383397848632,1472268932126
membench,1,dram,pgn_prefetch,3600,46576.000000,98.197549534,109107526,183025845,7981880345,735507,1334865,2005272,3055231,142212569,67560964,183019532,143845933,100010432,3116,0,0,100483873,365431813180,381601996986,1472799301432
membench,1,dram,rnd_prefetch,3600,30998.000000,100.019737526,103260138,177879554,8488788733,675706,957906,1973976,3005379,131917548,60124701,175985624,142168865,100045956,1396,0,0,100533180,365925352257,388690119510,1475508006632
membench,1,pmem,seq,3600,40404.000000,98.756074315,103242194,175532559,7593410462,372249,651080,171453,3098916,404167637,172371518,177957279,148516210,0,1377,23,0,100531124,365321315250,383917636043,1471864699251
membench,1,pmem,pgn,3600,2478.000000,136.621653758,107802659,184687922,7814577431,481471,100710987,221474,3114344,148796801853,148632610956,183881869,143266268,0,1453,4816,0,101100669,365375116901,531135532237,1472202004682
membench,1,pmem,rnd,3600,2459.000000,138.159740724,102834726,180413206,8312142361,479917,100714819,224704,3157419,149021429682,148869833025,176891752,147909418,0,1405,23,0,100595034,365847226634,537124489509,1475448031475
membench,1,pmem,seq_prefetch,3600,38431.000000,98.874738550,105153413,176832788,7787626947,917590,639825,162456,3135386,248186688,116974869,176442639,145413890,100023319,3467,0,0,101012074,365325896458,384384427352,1472202420931
membench,1,pmem,pgn_prefetch,3600,46533.000000,98.412627187,110924037,183697049,7990775493,389216,671933,169913,3178450,288285480,152899013,183233679,146293578,100015516,6397,9,0,100462646,365441179509,382596474134,1472701160934
membench,1,pmem,rnd_prefetch,3600,30921.000000,100.111058672,102971031,174630007,8483981170,374028,833951,176245,3224114,456438585,173083715,177219974,147176271,99988599,7648,23,0,100405847,365904309435,389186369937,1475528133486
membench,1,dram,seq,3800,40502.000000,103.701777280,102590910,176016230,7596497515,178712,654787,1987350,3036215,145800410,69945742,178130075,145264284,0,1349,0,0,100584388,385328124689,402958029960,1551941397180
membench,1,dram,pgn,3800,9928.000000,111.289500040,107251995,183009798,7804372283,98522268,100620410,2012812,3062588,31285443193,30992772821,183224061,142857828,0,1377,0,0,100502991,385416769955,432468226262,1552284880875
membench,1,dram,rnd,3800,9625.000000,112.808248457,100914127,176127351,8269276491,98438525,100597362,2054564,3090030,31493282865,31199822243,178684368,144219443,0,5686,9,0,100499124,385911046190,438350912246,1555466409284
membench,1,dram,seq_prefetch,3800,38491.000000,103.856284921,103738422,176278105,7789619199,399093,709921,2175547,3034413,231370630,108833745,178259169,152337183,100008090,2589,1886,0,100560546,385321460476,403531590145,1552211698203
membench,1,dram,pgn_prefetch,3800,46794.000000,103.350023796,110518060,183689538,7983025592,194244,655765,1978205,3015918,144539112,69070793,182780906,144087234,100007715,5670,9,0,100464357,385393926584,401592185929,1552711988369
membench,1,dram,rnd_prefetch,3800,30883.000000,105.047637033,103061807,175722237,8476228396,924516,1318605,2159588,3060869,219594549,107280045,177478920,151785496,99982250,3876,104,0,100503972,385862222679,408190763334,1555805462425
membench,1,pmem,seq,3800,40485.000000,103.883324182,104702065,178293608,7613313283,386425,661349,171049,2961604,260437755,127625253,175283052,143720161,0,1372,0,0,100494767,385234918244,403844977394,1551641089851
membench,1,pmem,pgn,3800,2479.000000,141.756216248,107833912,185356189,7816461853,958602,101368225,233992,3110715,148851045669,148674457505,183955100,143015096,0,1391,23,0,100562835,385366719046,551088190828,1552208955405
membench,1,pmem,rnd,3800,2458.000000,143.333404499,102961499,179834768,8313069345,835396,100746894,232996,3175502,149034357487,148873309126,179280533,150842366,0,13266,66,0,100610535,385878841592,557189750150,1555400891968
membench,1,pmem,seq_prefetch,3800,38491.000000,104.020159148,103791797,175694379,7789321397,384587,654069,174596,3085014,254686761,121639637,176474090,150704204,100024340,2763,4811,0,100517119,385328160232,404380304223,1552283105925
membench,1,pmem,pgn_prefetch,3800,46685.000000,103.546123702,109522410,183038673,7992614492,387080,663747,170197,3101990,291573917,204397050,183712777,142624137,100016913,1396,9,0,100408887,385400949065,402537006770,1552745377996
membench,1,pmem,rnd_prefetch,3800,30988.000000,105.295529394,103074017,176657707,8498398570,395179,636368,173202,3115039,285617506,194255247,178426276,148197842,100029777,1354,0,0,100433637,385882473061,409340695566,1555777997345
membench,1,dram,seq,4000,40518.000000,108.853846289,102555294,176290817,7595310155,183490,1015314,2000124,3024791,303691420,98468978,176859729,143060738,0,2047,9,0,100496940,405324409227,422948344448,1631888266222
membench,1,dram,pgn,4000,9802.000000,116.595748893,107270731,182321181,7777487181,99054361,101320926,2023171,3122126,31525342311,31437624986,184493162,150532914,0,4023,9,0,100505639,405440260204,453041234725,1632370308645
membench,1,dram,rnd,4000,9577.000000,118.033526282,101072123,178412806,8300602666,99020849,101310540,2037545,3094671,31443195925,31351640157,177173025,148785672,0,1862,23,0,100438459,405880188947,458597053549,1635512139162
membench,1,dram,seq_prefetch,4000,38402.000000,108.987696268,103650190,177324338,7780883048,679496,1013097,2005148,3070238,150856389,67115467,177510689,151475429,99979850,2854,0,0,100625586,405350988540,423454853454,1632281868748
membench,1,dram,pgn_prefetch,4000,47147.000000,108.496792548,109093189,182344267,7971279810,190781,680362,2020019,3069033,153996583,73129052,184001970,149609019,99975001,2940,6337,0,100427969,405458052981,421592479659,1632858747647
membench,1,dram,rnd_prefetch,4000,31026.000000,110.180550613,102655977,176279357,8490397453,177387,627929,2007540,3057467,144428328,65849094,176929146,149919413,99982859,6102,7223,0,100444454,405748620072,428151210562,1635611953061
membench,1,pmem,seq,4000,40518.000000,109.056106211,104754161,177352830,7594290482,454999,686364,173842,3111835,276098986,135083586,177444278,150195210,0,7072,33,0,100548817,405357931513,423973989356,1631811757744
membench,1,pmem,pgn,4000,2480.000000,146.884363167,107827453,185106507,7807437698,503850,100761909,236791,3235714,148710734989,148544376810,185131123,142754144,0,1434,5134,0,100657434,405398586502,571023690085,1632235697709
membench,1,pmem,rnd,4000,2457.000000,148.475373232,101500923,178364479,8321116037,502562,100774317,236774,3116195,149134919470,148961534386,179588683,149879950,0,7633,4531,0,100683901,405853293352,577230741604,1635424585006
membench,1,pmem,seq_prefetch,4000,38328.000000,109.160629984,103821574,176376903,7800306016,399060,672227,185227,3020972,533785932,174943828,176475634,142154967,100026495,1392,0,0,100500799,405301656654,424366824760,1632205829214
membench,1,pmem,pgn_prefetch,4000,46904.000000,108.695631641,109536109,182836414,7991739217,927527,1350040,178519,3115122,301099964,160638499,184390223,152484264,100011271,6285,0,0,100452834,405444069699,422565954184,1632835315756
membench,1,pmem,rnd_prefetch,4000,30998.000000,110.406781437,103129411,176583087,8488332424,413932,665996,186760,3133232,295646306,152923833,176822952,143701119,100019958,1362,2412,0,100503859,405903924920,429220761744,1635798881283
membench,1,dram,seq,4200,40371.000000,114.053163772,102543366,176310527,7582247901,177238,688189,2019994,3000821,153286384,70492355,176795936,144673760,0,3875,6629,0,108489942,425290088517,443164712612,1711873404143
membench,1,dram,pgn,4200,9704.000000,121.884585794,107298812,182928015,7775021816,98558812,100660480,2022627,3105148,31894803681,31801403893,184388155,149652816,0,4625,2137,0,108609616,425393926120,473561635421,1712210408854
membench,1,dram,rnd,4200,9587.000000,123.146485336,100932762,176991895,8289838077,98448350,100647913,2022416,3110236,31643279012,31335431936,179469760,149765627,0,6043,0,0,106201527,425945405705,478509327957,1715587224260
membench,1,dram,seq_prefetch,4200,38520.000000,114.165552710,103108126,176702922,7785104264,727446,1386216,2020521,3047141,154637341,70759372,177561793,149545461,100000141,3121,9,0,109035930,425340945745,443621556435,1712314861163
membench,1,dram,pgn_prefetch,4200,46620.000000,113.696323137,110481336,184775350,7989494780,712483,677657,2000904,3081580,157369415,76221813,183691712,150465574,99989267,5642,0,0,108009516,425439799293,441772562639,1712694393128
membench,1,dram,rnd_prefetch,4200,30969.000000,115.402041001,102638884,176084765,8470855220,170817,653353,2055847,3101731,151644776,103673029,179675670,149744719,100028471,5634,0,0,106463088,426017483461,448413714270,1715606427119
membench,1,pmem,seq,4200,40387.000000,114.261271549,103348525,176526087,7576010987,406872,689642,187333,3254209,366218410,183648732,180041088,147613484,0,6019,0,0,108041676,425297446832,444103845856,1711734565314
membench,1,pmem,pgn,4200,2467.000000,152.269043120,107857587,185505216,7814005506,532453,100801534,252046,3157440,149442517714,149266324170,185764693,147754292,0,1434,2717,0,108434312,425388702039,591966679435,1712272975048
membench,1,pmem,rnd,4200,2455.000000,153.652580543,101540810,179628866,8323735973,517068,100772251,257040,3150983,149281255771,149109446965,178465304,147306392,0,1401,4231,0,107414962,425828936643,597322302982,1715471942061
membench,1,pmem,seq_prefetch,4200,38535.000000,114.377646825,105358990,178396097,7757079704,757135,683777,187277,3122847,279264605,132514088,178747961,157818395,99985398,4973,0,0,109274812,425362854152,444643004745,1712278560319
membench,1,pmem,pgn_prefetch,4200,46468.000000,113.888405761,109553698,183525168,7995630108,420050,705337,187117,3133108,314845299,167728406,183757418,147711634,100014181,1472,3007,0,107807752,425408807451,442748402654,1712740919012
membench,1,pmem,rnd_prefetch,4200,30921.000000,115.567686498,103195253,176061143,8478968250,419337,664285,186769,3131098,306907850,153837298,179180750,152466516,99987184,6515,4806,0,106792112,425780319794,449285767086,1715578731627
membench,1,dram,seq,4400,40387.000000,119.270042110,102429806,176104018,7575898368,187481,719844,2014839,3080870,448443633,132620537,180026283,149579575,0,3487,4,0,118432720,445357406099,463400181965,1791947830624
membench,1,dram,pgn,4400,9797.000000,126.971235167,107324610,183647726,7794976827,98554324,100688733,2009858,3089598,31551699283,31463708595,184108888,141351320,0,1424,6350,0,117439159,445430760852,493375439588,1792325191204
membench,1,dram,rnd,4400,9537.000000,128.314182895,101081080,176569113,8285230739,98580598,100684993,2005445,3126520,31846823837,31540264464,180385061,143852187,0,2109,0,0,113074655,445902824680,498528901268,1795505358643
membench,1,dram,seq_prefetch,4400,38417.000000,119.363776783,103121288,176175564,7765140960,178599,706102,2011271,3043145,156655778,71206612,178143773,146388157,99974270,2655,6631,0,117653689,445335617349,463817150394,1792239763635
membench,1,dram,pgn_prefetch,4400,46926.000000,118.855547157,110506363,184727765,7994447406,191960,700858,1996452,3082047,154557678,75017120,184104649,142699307,100022096,1358,0,0,117329064,445404714192,461900261250,1792681824853
membench,1,dram,rnd_prefetch,4400,30959.000000,120.563438184,102649161,177749595,8493001645,170331,669822,1958681,3025450,425171848,119808420,179914422,149520087,100001021,3107,0,0,114283003,445969715882,468550111794,1795923913704
membench,1,pmem,seq,4400,40355.000000,119.440904345,103392986,176615705,7590728088,422579,743574,189416,3134007,294475360,141358000,178267092,144387322,0,4830,5097,0,118170211,445324101286,464331369601,1791915221254
membench,1,pmem,pgn,4400,2473.000000,157.393989502,109280789,186945637,7812039511,997022,100801577,255445,3231680,149109872010,148913195490,187180240,152395224,4,5566,9,0,118184229,445404315986,611868246870,1792156363764
membench,1,pmem,rnd,4400,2462.000000,158.634850622,101625637,178761327,8284924161,529302,100823194,264245,3198315,149047470708,148653682402,180828284,148225036,0,6641,23,0,112955224,445907093838,616689220674,1795558594837
membench,1,pmem,seq_prefetch,4400,38461.000000,119.557778637,103904982,176739757,7786292432,904124,1338385,202467,3173625,293760192,135889796,178899332,153243199,100005375,8018,9,0,117641490,445328506423,464786617533,1792254886617
membench,1,pmem,pgn_prefetch,4400,46641.000000,119.086240128,110965772,185003310,7992360688,439198,697283,199724,3129862,317547026,167712228,184881071,151724805,100008210,5956,0,0,116738290,445434092717,462948705539,1792731475792
membench,1,pmem,rnd_prefetch,4400,30911.000000,120.829880562,104540505,178328351,8481515944,426479,679762,199546,3115143,311381368,159889080,178815551,152763554,100000512,6022,23,0,113982135,445920558482,469731763566,1795778912443
membench,1,dram,seq,4600,40306.000000,124.463920150,102581832,177770574,7594748701,186884,719483,2031264,3033521,162792113,76300994,177350084,143368155,0,1453,6625,0,128368964,465283096727,483582859311,1871811327347
membench,1,dram,pgn,4600,9950.000000,132.017161074,108057865,185464711,7796390988,99033283,101003734,2007830,3088515,30976707545,30886208481,184659106,150107067,4,5158,0,0,125335601,465459260239,512973303876,1872435438784
membench,1,dram,rnd,4600,9906.000000,133.091055062,100937946,177687437,8297153502,98951969,101351447,1986933,3040005,30068261803,29979046989,178208045,148877216,0,1615,0,0,120839387,465923045676,517176739283,1875632905798
membench,1,dram,seq_prefetch,4600,38358.000000,124.596270296,103083891,177298182,7789511809,184544,713947,2017265,3057834,441316673,125411996,179775795,149297413,100004250,3406,0,0,128455141,465363964390,484125848766,1872335882786
membench,1,dram,pgn_prefetch,4600,46882.000000,124.100285785,110481331,184479029,7974244533,195180,718377,1997355,3081555,162992454,79079163,185484866,150495086,99979427,2042,0,0,127709427,465446224565,482153472181,1872692189436
membench,1,dram,rnd_prefetch,4600,31007.000000,125.731955606,102647432,176927060,8479221137,169437,685607,2034440,3085577,427336445,120848518,180718793,150799832,99996135,2133,9,0,122539717,465903739317,488530662800,1875804604611
membench,1,pmem,seq,4600,40322.000000,124.672510808,103439086,175646170,7584536456,436760,738698,203492,3100623,561335172,195422381,179534733,147516434,0,6290,23,0,128466187,465387340604,484678482517,1872175886283
membench,1,pmem,pgn,4600,2478.000000,162.493982241,107896546,186470933,7810656050,1099144,101528823,261423,3205367,148942658260,148744626966,186365532,144636013,0,2584,0,0,124961703,465397635338,631719698470,1872316173463
membench,1,pmem,rnd,4600,2462.000000,163.795961554,101570399,179386696,8313159025,825307,101426471,260369,3234166,148772858633,148598998904,179910386,144831938,0,1368,0,0,120846027,465884934949,636782773543,1875543191401
membench,1,pmem,seq_prefetch,4600,38446.000000,124.755267767,103927693,177042024,7809779071,422366,722060,196883,3103036,283774998,136191057,178650231,142884429,100015246,1434,1539,0,128168052,465297029590,484986586690,1872212263774
membench,1,pmem,pgn_prefetch,4600,46970.000000,124.268824047,109599073,184390817,8005247763,977593,1404628,204878,3139907,329977721,176845017,183870564,143215109,100023938,1363,0,0,127294269,465421002126,483113317702,1872777963707
membench,1,pmem,rnd_prefetch,4600,30931.000000,126.030792141,103172163,177887891,8507596567,435417,775677,210748,3105621,546115717,203897333,176965622,141967612,100024008,1425,0,0,121870822,465923146877,489968778111,1875918740147
membench,1,dram,seq,4800,40209.000000,129.655955629,104002033,179359279,7613322837,709319,745146,1972396,3032682,167179043,78863040,177027756,142248238,0,1410,23,0,137901573,485319699795,503826527934,1951661586184
membench,1,dram,pgn,4800,9749.000000,137.426424238,107289527,183918190,7784009756,98559585,101446321,2031330,3125937,31780012648,31684713209,184695028,149552255,0,5425,0,0,136994324,485434054564,534002402993,1952362523307
membench,1,dram,rnd,4800,9532.000000,138.699269414,102343305,178723186,8284415150,98971891,100713415,2001696,3165370,31590913407,31496359734,179344556,151339078,0,2127,9,0,127885956,485922055609,538993256880,1955573429421
membench,1,dram,seq_prefetch,4800,38461.000000,129.770111327,103132998,176580897,7789391653,184352,736251,2019370,3071022,169880141,77609736,180428910,151032902,99983262,2669,23,0,138364319,485338123785,504271973476,1952378778001
membench,1,dram,pgn_prefetch,4800,46992.000000,129.276317692,110508451,185695203,7993749189,725358,726959,2004192,3109266,165170660,82180105,184921847,150498314,99995167,5006,23,0,138160738,485468498294,502382693520,1952741914150
membench,1,dram,rnd_prefetch,4800,30931.000000,131.019385516,104054725,179361266,8497426716,258803,685586,2037962,3078282,159452854,74869345,177922607,149022023,100011795,5163,28,0,130454429,486006982165,509110645244,1955873643366
membench,1,pmem,seq,4800,40257.000000,129.870803041,104985030,177619800,7571033839,437150,743448,213895,3178473,318096145,156585912,180450795,152600928,0,5005,94,0,138231419,485326901702,504874424470,1951840801509
membench,1,pmem,pgn,4800,2477.000000,167.720609682,109344869,186977273,7814082538,562793,100863143,272253,3271388,148946758472,148759438564,186221448,142614525,0,1401,23,0,137697656,485363597216,652026658912,1952174822207
membench,1,pmem,rnd,4800,2456.000000,169.080573098,101589479,179391874,8305655506,566499,100848039,276240,3220818,149153536919,148961940667,180765261,151233162,0,6886,631,0,127655445,485878888322,657319129224,1955494924299
membench,1,pmem,seq_prefetch,4800,38461.000000,129.953445112,105312266,178598349,7802098166,432373,744564,212861,3164474,293894363,142809690,178289586,145460810,100017465,4084,0,0,137633743,485354415536,505210330930,1952183311307
membench,1,pmem,pgn_prefetch,4800,46794.000000,129.471452632,109637313,184342955,8002707354,452223,736442,207490,3130874,337079227,182252005,184619201,143117210,100013132,2393,5121,0,137356333,485420816086,503333797945,1952765804954
membench,1,pmem,rnd_prefetch,4800,30883.000000,131.069448611,103205741,178413267,8520906991,453045,704888,216450,3049057,328503701,172176641,177578337,142997021,99999862,1462,5116,0,131379868,485979321416,509549128996,1955889136767
membench,1,dram,seq,5000,40241.000000,134.897559895,104029927,179456204,7598840637,535006,752091,2029989,3045086,178054705,86573472,178554974,150667667,0,6184,33,0,147858558,505310591698,524017422008,2031696723243
membench,1,dram,pgn,5000,9670.000000,142.738871857,107383555,184559324,7812891545,99114199,101375211,2028522,3152207,32229612457,32133456126,185714091,146404294,0,1368,38,0,147277044,505447085821,554589719964,2032408236825
membench,1,dram,rnd,5000,9666.000000,143.608500376,101055200,178033453,8295094443,98535642,100726507,2021852,3125342,31000132166,30913636774,178654652,144394514,0,3989,6707,0,134660642,505915120651,558031850468,2035581888229
membench,1,dram,seq_prefetch,5000,38417.000000,134.981089680,104018946,179485695,7804635937,696508,1006439,2039863,3043221,171322390,79497069,178526479,147297536,100012733,3182,0,0,148213940,505335644582,524451602997,2032232025619
membench,1,dram,pgn_prefetch,5000,47258.000000,134.465348218,109143054,184340134,8000085851,196640,1133796,2028206,3120603,276823107,100224674,184607719,145816300,100018092,1520,23,0,147544681,505428644307,522491065890,2032762341257
membench,1,dram,rnd_prefetch,5000,30921.000000,136.135589082,102662529,178272438,8495419125,179284,1368843,2009435,3086716,158104048,74693509,178230512,145180416,100014334,1520,0,0,138501281,505954176998,528874201232,2035833430207
membench,1,pmem,seq,5000,40257.000000,135.050148007,104864638,178554933,7603055787,1007161,768264,217295,3198478,315474766,158147508,179376736,147802146,0,6032,0,0,147742457,505347390545,525035524866,2031796851588
membench,1,pmem,pgn,5000,2475.000000,172.941479198,107980493,187566908,7838806823,560245,100859236,272446,3157410,149131616232,148929766972,186972680,143204842,0,1477,2736,0,148264173,505378100083,672336130724,2032186940176
membench,1,pmem,rnd,5000,2465.000000,173.994528851,101587323,179727379,8300261784,577534,100860119,285060,3306921,148668537817,148423604405,183076076,145284962,0,6318,28,0,134759661,505890649946,676426469154,2035542037685
membench,1,pmem,seq_prefetch,5000,38431.000000,135.149677514,104066339,178303586,7806828463,457753,1067425,222560,3156930,454374376,169610076,178187466,142315225,100028395,1372,0,0,147915207,505331094523,525416758008,2032267429575
membench,1,pmem,pgn_prefetch,5000,47103.000000,134.663642659,111051476,185930099,7998201483,468553,762598,221825,3175428,351185291,188889583,185252093,145920149,100013069,5751,0,0,147234754,505422200301,523533337601,2032683399452
membench,1,pmem,rnd_prefetch,5000,30902.000000,136.235295835,103223537,177558347,8494765425,472957,739042,228662,3189240,340047416,172823769,178924444,143285032,100006865,1401,5406,0,139151836,505872579326,529629511140,2035928124992
